,swear_word,language,script
0,chod,hindi,latin
1,land,hindi,latin
2,lode,hindi,latin
3,5h1t,english,latin
4,5hit,english,latin
5,God,english,latin
6,a55,english,latin
7,a_s_s,english,latin
8,anal,english,latin
9,anus,english,latin
10,ar5e,english,latin
11,arrse,english,latin
12,arse,english,latin
13,ass,english,latin
14,ass-fucker,english,latin
15,asses,english,latin
16,assfucker,english,latin
17,assfukka,english,latin
18,asshole,english,latin
19,assholes,english,latin
20,asswhole,english,latin
21,b!tch,english,latin
22,b00bs,english,latin
23,b17ch,english,latin
24,b1tch,english,latin
25,baable,hindi,latin
26,badir,hindi,latin
27,badirchand,hindi,latin
28,bakland,hindi,latin
29,bakri ki aulad,hindi,latin
30,bakri ki zat,hindi,latin
31,ballbag,english,latin
32,balls,english,latin
33,ballsack,english,latin
34,bandar ki aulad,hindi,latin
35,bandar ki zat,hindi,latin
36,bastard,english,latin
37,beastial,english,latin
38,beastiality,english,latin
39,bellend,english,latin
40,bestial,english,latin
41,bestiality,english,latin
42,bhadwa,hindi,latin
43,bhadwapanti,hindi,latin
44,bhadwe,hindi,latin
45,bhadwi,hindi,latin
46,bhadwon,hindi,latin
47,bhains ki aulad,hindi,latin
48,bhains ki zat,hindi,latin
49,bhandi,hindi,latin
50,bhandwa,hindi,latin
51,bhed ki aulad,hindi,latin
52,bhed ki zat,hindi,latin
53,bhonsri wala,hindi,latin
54,bhosdi,hindi,latin
55,bhosdi wala,hindi,latin
56,bhosdike,hindi,latin
57,bhosri wala,hindi,latin
58,bi+ch,english,latin
59,biatch,english,latin
60,billi ki aulad,hindi,latin
61,billi ki zat,hindi,latin
62,bitch,english,latin
63,bitcher,english,latin
64,bitchers,english,latin
65,bitches,english,latin
66,bitchin,english,latin
67,bitching,english,latin
68,bloody,english,latin
69,blow job,english,latin
70,blowjob,english,latin
71,blowjobs,english,latin
72,boiolas,english,latin
73,bollock,english,latin
74,bollok,english,latin
75,boner,english,latin
76,boob,english,latin
77,boobley,hindi,latin
78,boobs,english,latin
79,booobs,english,latin
80,boooobs,english,latin
81,booooobs,english,latin
82,booooooobs,english,latin
83,breasts,english,latin
84,buceta,english,latin
85,bugger,english,latin
86,bum,english,latin
87,bund,hindi,latin
88,bunny fucker,english,latin
89,bur,hindi,latin
90,butt,english,latin
91,butthole,english,latin
92,buttmuch,english,latin
93,buttplug,english,latin
94,buuble,hindi,latin
95,c0ck,english,latin
96,c0cksucker,english,latin
97,carpet muncher,english,latin
98,cawk,english,latin
99,chakka,hindi,latin
100,chinaal,hindi,latin
101,chink,english,latin
102,chodai,hindi,latin
103,chodela,hindi,latin
104,chodi,hindi,latin
105,chodna,hindi,latin
106,chodne,hindi,latin
107,chodo,hindi,latin
108,chodu,hindi,latin
109,chodva,hindi,latin
110,chuchi,hindi,latin
111,chuchiyan,hindi,latin
112,chud,hindi,latin
113,chuda,hindi,latin
114,chudai,hindi,latin
115,chudi,hindi,latin
116,chudna,hindi,latin
117,chudne,hindi,latin
118,chudo,hindi,latin
119,chudva,hindi,latin
120,chudvana,hindi,latin
121,chut,hindi,latin
122,chut marike,hindi,latin
123,chutiya,hindi,latin
124,chutiyapa,hindi,latin
125,chutmar,hindi,latin
126,chuuche,hindi,latin
127,cipa,english,latin
128,cl1t,english,latin
129,clit,english,latin
130,clitoris,english,latin
131,clits,english,latin
132,cnut,english,latin
133,cock,english,latin
134,cock-sucker,english,latin
135,cockface,english,latin
136,cockhead,english,latin
137,cockmunch,english,latin
138,cockmuncher,english,latin
139,cocks,english,latin
140,cocksuck,english,latin
141,cocksucked,english,latin
142,cocksucker,english,latin
143,cocksucking,english,latin
144,cocksucks,english,latin
145,cocksuka,english,latin
146,cocksukka,english,latin
147,cok,english,latin
148,cokmuncher,english,latin
149,coksucka,english,latin
150,coon,english,latin
151,cox,english,latin
152,crap,english,latin
153,cum,english,latin
154,cummer,english,latin
155,cumming,english,latin
156,cums,english,latin
157,cumshot,english,latin
158,cunilingus,english,latin
159,cunillingus,english,latin
160,cunnilingus,english,latin
161,cunt,english,latin
162,cuntlick,english,latin
163,cuntlicker,english,latin
164,cuntlicking,english,latin
165,cunts,english,latin
166,cyalis,english,latin
167,cyberfuc,english,latin
168,cyberfuck,english,latin
169,cyberfucked,english,latin
170,cyberfucker,english,latin
171,cyberfuckers,english,latin
172,cyberfucking,english,latin
173,d1ck,english,latin
174,damn,english,latin
175,dick,english,latin
176,dickhead,english,latin
177,dildo,english,latin
178,dildos,english,latin
179,dink,english,latin
180,dinks,english,latin
181,dirsa,english,latin
182,dlck,english,latin
183,dog-fucker,english,latin
184,doggin,english,latin
185,dogging,english,latin
186,donkeyribber,english,latin
187,doosh,english,latin
188,duche,english,latin
189,dyke,english,latin
190,ejaculate,english,latin
191,ejaculated,english,latin
192,ejaculates,english,latin
193,ejaculating,english,latin
194,ejaculatings,english,latin
195,ejaculation,english,latin
196,ejakulate,english,latin
197,f u c k,english,latin
198,f u c k e r,english,latin
199,f4nny,english,latin
200,f_u_c_k,english,latin
201,fag,english,latin
202,fagging,english,latin
203,faggitt,english,latin
204,faggot,english,latin
205,faggs,english,latin
206,fagot,english,latin
207,fagots,english,latin
208,fags,english,latin
209,fanny,english,latin
210,fannyflaps,english,latin
211,fannyfucker,english,latin
212,fanyy,english,latin
213,fatass,english,latin
214,fcuk,english,latin
215,fcuker,english,latin
216,fcuking,english,latin
217,feck,english,latin
218,fecker,english,latin
219,felching,english,latin
220,fellate,english,latin
221,fellatio,english,latin
222,fingerfuck,english,latin
223,fingerfucked,english,latin
224,fingerfucker,english,latin
225,fingerfuckers,english,latin
226,fingerfucking,english,latin
227,fingerfucks,english,latin
228,fistfuck,english,latin
229,fistfucked,english,latin
230,fistfucker,english,latin
231,fistfuckers,english,latin
232,fistfucking,english,latin
233,fistfuckings,english,latin
234,fistfucks,english,latin
235,flange,english,latin
236,fook,english,latin
237,fooker,english,latin
238,fuck,english,latin
239,fucka,english,latin
240,fucked,english,latin
241,fucker,english,latin
242,fuckers,english,latin
243,fuckhead,english,latin
244,fuckheads,english,latin
245,fuckin,english,latin
246,fucking,english,latin
247,fuckings,english,latin
248,fuckingshitmotherfucker,english,latin
249,fuckme,english,latin
250,fucks,english,latin
251,fuckwhit,english,latin
252,fuckwit,english,latin
253,fudge packer,english,latin
254,fudgepacker,english,latin
255,fuk,english,latin
256,fuker,english,latin
257,fukker,english,latin
258,fukkin,english,latin
259,fuks,english,latin
260,fukwhit,english,latin
261,fukwit,english,latin
262,fux,english,latin
263,fux0r,english,latin
264,gaand masti,hindi,latin
265,gaandmasti,hindi,latin
266,gaandu,hindi,latin
267,gadhe ki aulad,hindi,latin
268,gadhe ki zat,hindi,latin
269,gand marana,hindi,latin
270,gand mari,hindi,latin
271,gand mari ke,hindi,latin
272,gand marna,hindi,latin
273,gand maru,hindi,latin
274,gand phata,hindi,latin
275,gand phati,hindi,latin
276,gand phaton,hindi,latin
277,gand phatu,hindi,latin
278,gandi,hindi,latin
279,gandmarana,hindi,latin
280,gandmari,hindi,latin
281,gandmarna,hindi,latin
282,gandmaru,hindi,latin
283,gandphata,hindi,latin
284,gandphati,hindi,latin
285,gandphaton,hindi,latin
286,gandphatu,hindi,latin
287,gandu,hindi,latin
288,gangbang,english,latin
289,gangbanged,english,latin
290,gangbangs,english,latin
291,gaylord,english,latin
292,gaysex,english,latin
293,ghassad,hindi,latin
294,ghasti,hindi,latin
295,goatse,english,latin
296,god-dam,english,latin
297,god-damned,english,latin
298,goddamn,english,latin
299,goddamned,english,latin
300,haram zada,hindi,latin
301,harami,hindi,latin
302,haramia,hindi,latin
303,haramkhor,hindi,latin
304,haramzada,hindi,latin
305,haramzadi,hindi,latin
306,hardcoresex,english,latin
307,hell,english,latin
308,heshe,english,latin
309,hijade,hindi,latin
310,hijda,hindi,latin
311,hijra,hindi,latin
312,hoar,english,latin
313,hoare,english,latin
314,hoer,english,latin
315,homo,english,latin
316,hore,english,latin
317,horniest,english,latin
318,horny,english,latin
319,hotsex,english,latin
320,jack-off,english,latin
321,jackoff,english,latin
322,jap,english,latin
323,jerk-off,english,latin
324,jhaant,hindi,latin
325,jigolo,hindi,latin
326,jism,english,latin
327,jiz,english,latin
328,jizm,english,latin
329,jizz,english,latin
330,kamina,hindi,latin
331,kamini,hindi,latin
332,kawk,english,latin
333,knob,english,latin
334,knobead,english,latin
335,knobed,english,latin
336,knobend,english,latin
337,knobhead,english,latin
338,knobjocky,english,latin
339,knobjokey,english,latin
340,kock,english,latin
341,kondum,english,latin
342,kondums,english,latin
343,kum,english,latin
344,kummer,english,latin
345,kumming,english,latin
346,kums,english,latin
347,kunilingus,english,latin
348,kutte ki zat,hindi,latin
349,l3i+ch,english,latin
350,l3itch,english,latin
351,labia,english,latin
352,land marike,hindi,latin
353,lavda,hindi,latin
354,lawda,hindi,latin
355,lmfao,english,latin
356,loda,hindi,latin
357,lomdi ki aulad,hindi,latin
358,lomdi ki zat,hindi,latin
359,lund,hindi,latin
360,lundwa,hindi,latin
361,lust,english,latin
362,lusting,english,latin
363,m0f0,english,latin
364,m0fo,english,latin
365,m45terbate,english,latin
366,ma5terb8,english,latin
367,ma5terbate,english,latin
368,marana,hindi,latin
369,marane,hindi,latin
370,marani,hindi,latin
371,masochist,english,latin
372,master-bate,english,latin
373,masterb8,english,latin
374,masterbat*,english,latin
375,masterbat3,english,latin
376,masterbate,english,latin
377,masterbation,english,latin
378,masterbations,english,latin
379,masturbate,english,latin
380,mendhak ki aulad,hindi,latin
381,mendhak ki zat,hindi,latin
382,mo-fo,english,latin
383,mof0,english,latin
384,mofo,english,latin
385,mothafuck,english,latin
386,mothafucka,english,latin
387,mothafuckas,english,latin
388,mothafuckaz,english,latin
389,mothafucked,english,latin
390,mothafucker,english,latin
391,mothafuckers,english,latin
392,mothafuckin,english,latin
393,mothafucking,english,latin
394,mothafuckings,english,latin
395,mothafucks,english,latin
396,mother fucker,english,latin
397,motherfuck,english,latin
398,motherfucked,english,latin
399,motherfucker,english,latin
400,motherfuckers,english,latin
401,motherfuckin,english,latin
402,motherfucking,english,latin
403,motherfuckings,english,latin
404,motherfuckka,english,latin
405,motherfucks,english,latin
406,muff,english,latin
407,muth marna,hindi,latin
408,mutha,english,latin
409,muthafecker,english,latin
410,muthafuckker,english,latin
411,muther,english,latin
412,mutherfucker,english,latin
413,muthi,hindi,latin
414,mutthal,hindi,latin
415,n1gga,english,latin
416,n1gger,english,latin
417,nazi,english,latin
418,nigg3r,english,latin
419,nigg4h,english,latin
420,nigga,english,latin
421,niggah,english,latin
422,niggas,english,latin
423,niggaz,english,latin
424,nigger,english,latin
425,niggers,english,latin
426,nob,english,latin
427,nob jokey,english,latin
428,nobhead,english,latin
429,nobjocky,english,latin
430,nobjokey,english,latin
431,numbnuts,english,latin
432,nutsack,english,latin
433,orgasim,english,latin
434,orgasims,english,latin
435,orgasm,english,latin
436,orgasms,english,latin
437,p0rn,english,latin
438,pawn,english,latin
439,pecker,english,latin
440,penis,english,latin
441,penisfucker,english,latin
442,phonesex,english,latin
443,phuck,english,latin
444,phuk,english,latin
445,phuked,english,latin
446,phuking,english,latin
447,phukked,english,latin
448,phukking,english,latin
449,phuks,english,latin
450,phuq,english,latin
451,pigfucker,english,latin
452,pimpis,english,latin
453,piss,english,latin
454,pissed,english,latin
455,pisser,english,latin
456,pissers,english,latin
457,pisses,english,latin
458,pissflaps,english,latin
459,pissin,english,latin
460,pissing,english,latin
461,pissoff,english,latin
462,poop,english,latin
463,porn,english,latin
464,porno,english,latin
465,pornography,english,latin
466,pornos,english,latin
467,prick,english,latin
468,pricks,english,latin
469,pron,english,latin
470,pube,english,latin
471,pusse,english,latin
472,pussi,english,latin
473,pussies,english,latin
474,pussy,english,latin
475,pussys,english,latin
476,raand,hindi,latin
477,rand,hindi,latin
478,randhwa,hindi,latin
479,randi,hindi,latin
480,randibazaar,hindi,latin
481,randibazar,hindi,latin
482,randwa,hindi,latin
483,rectum,english,latin
484,retard,english,latin
485,rimjaw,english,latin
486,rimming,english,latin
487,s hit,english,latin
488,s.o.b.,english,latin
489,s_h_i_t,english,latin
490,sadist,english,latin
491,schlong,english,latin
492,screwing,english,latin
493,scroat,english,latin
494,scrote,english,latin
495,scrotum,english,latin
496,semen,english,latin
497,sex,english,latin
498,sh!+,english,latin
499,sh!t,english,latin
500,sh1t,english,latin
501,shag,english,latin
502,shagger,english,latin
503,shaggin,english,latin
504,shagging,english,latin
505,shemale,english,latin
506,shi+,english,latin
507,shit,english,latin
508,shitdick,english,latin
509,shite,english,latin
510,shited,english,latin
511,shitey,english,latin
512,shitfuck,english,latin
513,shitfull,english,latin
514,shithead,english,latin
515,shiting,english,latin
516,shitings,english,latin
517,shits,english,latin
518,shitted,english,latin
519,shitter,english,latin
520,shitters,english,latin
521,shitting,english,latin
522,shittings,english,latin
523,shitty,english,latin
524,skank,english,latin
525,slut,english,latin
526,sluts,english,latin
527,smegma,english,latin
528,smut,english,latin
529,snatch,english,latin
530,son-of-a-bitch,english,latin
531,spac,english,latin
532,spunk,english,latin
533,suar ki aulad,hindi,latin
534,suar ki zat,hindi,latin
535,t1tt1e5,english,latin
536,t1tties,english,latin
537,takke,hindi,latin
538,tatte,hindi,latin
539,tatti,hindi,latin
540,teets,english,latin
541,teez,english,latin
542,testical,english,latin
543,testicle,english,latin
544,tit,english,latin
545,titfuck,english,latin
546,tits,english,latin
547,titt,english,latin
548,tittie5,english,latin
549,tittiefucker,english,latin
550,titties,english,latin
551,tittyfuck,english,latin
552,tittywank,english,latin
553,titwank,english,latin
554,tosser,english,latin
555,turd,english,latin
556,tw4t,english,latin
557,twat,english,latin
558,twathead,english,latin
559,twatty,english,latin
560,twunt,english,latin
561,twunter,english,latin
562,ullu ki aulad,hindi,latin
563,ullu ki zat,hindi,latin
564,v14gra,english,latin
565,v1gra,english,latin
566,vagina,english,latin
567,viagra,english,latin
568,vulva,english,latin
569,w00se,english,latin
570,wang,english,latin
571,wank,english,latin
572,wanker,english,latin
573,wanky,english,latin
574,whoar,english,latin
575,whore,english,latin
576,willies,english,latin
577,willy,english,latin
578,xrated,english,latin
579,xxx,english,latin
580,",hod",hindi,latin
581,c h o d,hindi,latin
582,ch(d,hindi,latin
583,",,hod",hindi,latin
584,land_,hindi,latin
585,l@nd,hindi,latin
586,l a n d,hindi,latin
587,land),hindi,latin
588,"lode,",hindi,latin
589,l(de,hindi,latin
590,l o d e,hindi,latin
591,l ( d e?,hindi,latin
592,l o dd e,hindi,latin
593,5h1*(,english,latin
594,5 # 1 t,english,latin
595,5h1t^,english,latin
596,55h1t,english,latin
597,"5 h ! *,",english,latin
598,5 h i t,english,latin
599,5 h i t@,english,latin
600,5hiit,english,latin
601,god,english,latin
602,g o d,english,latin
603,g o  d_,english,latin
604,god?,english,latin
605,aa 5 5,english,latin
606,a55&,english,latin
607,@55*,english,latin
608,a _ s _ s&,english,latin
609,a _ s _ s,english,latin
610,a _ s _ s{,english,latin
611,a n a l,english,latin
612,"a n a ll,",english,latin
613,anal%,english,latin
614,@nuus,english,latin
615,anus@,english,latin
616,@ n u s],english,latin
617,anus[,english,latin
618,ar5%;,english,latin
619,a r 5 e;,english,latin
620,a r 5 %,english,latin
621,arrsse,english,latin
622,@rrse,english,latin
623,arrs%%,english,latin
624,a r r  s e,english,latin
625,a r s e,english,latin
626,a r $ e,english,latin
627,@ss},english,latin
628,a $ s],english,latin
629,a s s,english,latin
630,"ass-fu,keer.",english,latin
631,a$s-fucker,english,latin
632,@$s-fuucker^,english,latin
633,"ass-fu,ker",english,latin
634,@ss-fucker,english,latin
635,"assees,",english,latin
636,@sses,english,latin
637,ass%s{,english,latin
638,@ssses%,english,latin
639,a s s  e s,english,latin
640,@ssfuck%r,english,latin
641,@sss^ucker,english,latin
642,assfucker?,english,latin
643,"a s s f _ , k e r",english,latin
644,a s s f u c k e r,english,latin
645,aassfu;ka,english,latin
646,a$sfukkka,english,latin
647,assfukka*,english,latin
648,ass^ukkka,english,latin
649,a $ s h o l e,english,latin
650,asshole_,english,latin
651,a s s h o l e,english,latin
652,@ss#ole_,english,latin
653,@ssholes?,english,latin
654,@ssholees,english,latin
655,@ s s h ( l e s>,english,latin
656,a $ s h o l % s,english,latin
657,a s s h o l e s,english,latin
658,@ s s w h ( l e,english,latin
659,@ s s w h o l e,english,latin
660,a$swhol%,english,latin
661,a $ s w h o l e),english,latin
662,b ! t c h,english,latin
663,b!tcc#,english,latin
664,b 0 0 b  s,english,latin
665,"b 0 0 b s,",english,latin
666,b00bs^,english,latin
667,b 0 0 b s,english,latin
668,"b17,h",english,latin
669,b 1 7 c #,english,latin
670,b1tc#(,english,latin
671,"b1t,h",english,latin
672,b 1 t c h,english,latin
673,b 1 t c #,english,latin
674,b1*ch,english,latin
675,b a a b l e?,hindi,latin
676,b a a b l e,hindi,latin
677,b @ d i r>,hindi,latin
678,b a d i r&,hindi,latin
679,b a d i r,hindi,latin
680,badiir=,hindi,latin
681,b a d ! r c h a n d,hindi,latin
682,b a d i r c # a n d,hindi,latin
683,badircchand,hindi,latin
684,bakland+,hindi,latin
685,b@klannd,hindi,latin
686,b@kland:,hindi,latin
687,baakland,hindi,latin
688,bakland>,hindi,latin
689,ba;land,hindi,latin
690,b @ k l a n d,hindi,latin
691,ba;ri ki aulad,hindi,latin
692,b @ k r i   k i   a u l a d%,hindi,latin
693,b a k r i   k i   a u l  a d,hindi,latin
694,"bakri ki aulad,",hindi,latin
695,bakkri ki za*,hindi,latin
696,bakri ki za*},hindi,latin
697,b a k r i   k i   z a t@,hindi,latin
698,"bakri ki zat,",hindi,latin
699,ballbaag,english,latin
700,b a l l b a g-,english,latin
701,b @  l l b a g,english,latin
702,b@@llbag,english,latin
703,balls&,english,latin
704,b a  l l s&,english,latin
705,"b a l l $,",english,latin
706,b  a l l $,english,latin
707,b a l l s,english,latin
708,bb a l l s a c k,english,latin
709,b a l l s a c k,english,latin
710,ball$ac;,english,latin
711,b a l l s a c  ;,english,latin
712,ballsacck,english,latin
713,b a n d a r   k i   a u l a d!,hindi,latin
714,b@ndar ki aulad,hindi,latin
715,bandar ki a_lad,hindi,latin
716,bandar ki zat),hindi,latin
717,bandar ki zat$,hindi,latin
718,b@ndar ki zat,hindi,latin
719,bandar ;i za*,hindi,latin
720,ba$tard^,english,latin
721,b a $ t a r d,english,latin
722,bastard_,english,latin
723,b@staard],english,latin
724,b%ast!al,english,latin
725,bb%astial,english,latin
726,b e @ $  * i a l,english,latin
727,b e a s * ii a l,english,latin
728,"b e @ s t i a l i t y,",english,latin
729,b e a $ t i a l i t y,english,latin
730,beastiaality,english,latin
731,b e a $ t ii a l i t y,english,latin
732,bea$t!ality,english,latin
733,b % l l e n d@,english,latin
734,b%llend,english,latin
735,beellend*,english,latin
736,bellend},english,latin
737,bes*ial),english,latin
738,b e s * i a l,english,latin
739,b % s t i a l,english,latin
740,b e $ t i @ l,english,latin
741,best!ality,english,latin
742,b%%s*iality,english,latin
743,be$tialitty,english,latin
744,b%s*iality,english,latin
745,b # a d w a!,hindi,latin
746,bhadwa$,hindi,latin
747,b h a d w a,hindi,latin
748,b#adwa,hindi,latin
749,bh@dwa,hindi,latin
750,b h a d w a>,hindi,latin
751,b # @ d w a},hindi,latin
752,bbhadwa,hindi,latin
753,bh@dwapanti,hindi,latin
754,b h a d w a p a n t i,hindi,latin
755,b#adwapanti,hindi,latin
756,b h a d w e*,hindi,latin
757,bhadwe{,hindi,latin
758,bh@dw%},hindi,latin
759,bhadw%,hindi,latin
760,b#adwi^,hindi,latin
761,b h a d w i[,hindi,latin
762,bhadw!|,hindi,latin
763,b # a d w i*,hindi,latin
764,bbh@dwi,hindi,latin
765,b h a d w i,hindi,latin
766,bh@dwi,hindi,latin
767,b#adwon,hindi,latin
768,bhadwon^,hindi,latin
769,bh@dwon,hindi,latin
770,b h @ ! n ss   ; i   a u l a d,hindi,latin
771,b h a i n s   k i   a u l a d,hindi,latin
772,bhains ;i aulad,hindi,latin
773,bha!n$ ki aulad[,hindi,latin
774,b#ains ;i  za*,hindi,latin
775,b h a ! n s   k i   z a t,hindi,latin
776,bha!ns ki zat,hindi,latin
777,bhainss ;i zat,hindi,latin
778,b#andi,hindi,latin
779,b h a n d i,hindi,latin
780,b # a n d i,hindi,latin
781,bhanndi,hindi,latin
782,bhandwwa,hindi,latin
783,b h a n d w a,hindi,latin
784,b # a n d w a|,hindi,latin
785,b h a n d w a<,hindi,latin
786,bh@ndwa,hindi,latin
787,bhandwaa$,hindi,latin
788,bhed kii @_lad(,hindi,latin
789,b # e d   k i   a u l a d,hindi,latin
790,bhed k! @ulad,hindi,latin
791,b h e d   k i   @ u l a d,hindi,latin
792,b h  e d   k i   a u l a d,hindi,latin
793,b # e d   ; i   z a t,hindi,latin
794,bh%d ki zat,hindi,latin
795,b h e d   ; i   z a t{,hindi,latin
796,b # e d   k i   z a t,hindi,latin
797,bh%d k! zat,hindi,latin
798,b h ( n s r i   w a l a,hindi,latin
799,bh(nsri wala,hindi,latin
800,b  h o n $ r i   w a l a,hindi,latin
801,b h o n s r ii   w a l a,hindi,latin
802,b#onsri waala=,hindi,latin
803,bh(sdd!,hindi,latin
804,bb h o s d i,hindi,latin
805,b#osdi%,hindi,latin
806,b h o $ d i),hindi,latin
807,bh($di%,hindi,latin
808,bh(sdi wala,hindi,latin
809,bhosdi walla,hindi,latin
810,b#o$d! wala,hindi,latin
811,bhosdi w@la&,hindi,latin
812,b # o s d i k %,hindi,latin
813,bhosdik%,hindi,latin
814,bh(sdik%,hindi,latin
815,bh(sdike,hindi,latin
816,b h o s d ! k e*,hindi,latin
817,bho$ri wala<,hindi,latin
818,b h ( s r i    w a l a,hindi,latin
819,b i +  c h),english,latin
820,b!+ch=,english,latin
821,b i + c h,english,latin
822,bi+c#$,english,latin
823,bi+ch>,english,latin
824,b i a t c #,english,latin
825,biatcc#=,english,latin
826,b i a t c h,english,latin
827,b!atch,english,latin
828,bia**ch,english,latin
829,b i l l i   ; i   a u l a d,hindi,latin
830,b!lli ki aulad,hindi,latin
831,b!lli ki @ulad,hindi,latin
832,b!lli ;i aulad,hindi,latin
833,billi ki aulad-,hindi,latin
834,"billi ;i zat,",hindi,latin
835,billi ki z@t,hindi,latin
836,billi ki z@*,hindi,latin
837,b i t c #,english,latin
838,bittch{,english,latin
839,b i t c h.,english,latin
840,b i t cc # e r,english,latin
841,b!tcher,english,latin
842,bi**cher[,english,latin
843,b i * c h %% r#,english,latin
844,"bi*,her$",english,latin
845,b i t c h % r s,english,latin
846,b ! t c  h e r s,english,latin
847,"bit,hers",english,latin
848,b i t c h e $,english,latin
849,b!tches,english,latin
850,"b i t , h e s",english,latin
851,b!tc#es,english,latin
852,bitch%s,english,latin
853,"bit,hhin",english,latin
854,"bitcchin,",english,latin
855,bitc#in,english,latin
856,bitcc#in|,english,latin
857,b i tt c h i n?,english,latin
858,b!tching,english,latin
859,b i * c h i n g,english,latin
860,b i t c h i n g>,english,latin
861,bi*ching,english,latin
862,b i t c # i n g,english,latin
863,bl(ody,english,latin
864,bbloody,english,latin
865,b l o o d y=,english,latin
866,b l o w   jj o b<,english,latin
867,bl(w job),english,latin
868,b l o w    j o b,english,latin
869,blow job+,english,latin
870,b l ( w   j o b),english,latin
871,b ll ( w j o b,english,latin
872,bl(wjob,english,latin
873,blowjob$,english,latin
874,bl(wjobs@,english,latin
875,b l o w j o b s,english,latin
876,b l o w  j o b s,english,latin
877,b o i o l a s,english,latin
878,boiol@s#,english,latin
879,bo!olas?,english,latin
880,boiol@s,english,latin
881,b o i o l a ${,english,latin
882,b o l l o c k,english,latin
883,b(lloc;,english,latin
884,bollock-,english,latin
885,bolloc;,english,latin
886,bollloc;#,english,latin
887,b ( l l o k,english,latin
888,b o l l o k,english,latin
889,b o n e r,english,latin
890,b(n%r:,english,latin
891,b o n e r?,english,latin
892,booob%,english,latin
893,b(ob^,english,latin
894,boobb|,english,latin
895,b ( o b l e y,hindi,latin
896,b o o b l e y,hindi,latin
897,booblley,hindi,latin
898,b o o  b l e y,hindi,latin
899,boobss{,english,latin
900,b  o o b s,english,latin
901,b o o b s,english,latin
902,b ( o b $,english,latin
903,b o o b s=,english,latin
904,booob$,english,latin
905,booobbs,english,latin
906,b o o o b $,english,latin
907,b o o o b s.,english,latin
908,b o o oo b $),english,latin
909,boooobs.,english,latin
910,boooobs^,english,latin
911,boooob$,english,latin
912,boooobs>,english,latin
913,b(oooobs:,english,latin
914,booooob$,english,latin
915,booooobs_,english,latin
916,b o o o o o b $,english,latin
917,b(oooooobs[,english,latin
918,b o o o o o o o b s,english,latin
919,b o o o o o o o b s<,english,latin
920,b r % a s t s,english,latin
921,brea$ts,english,latin
922,b r e a s * s%,english,latin
923,b r e a s t s,english,latin
924,"bu,eta)",english,latin
925,buccet@|,english,latin
926,b_ceta,english,latin
927,"bu,eta",english,latin
928,"bu,e*a",english,latin
929,b u g g e r,english,latin
930,bugg%r,english,latin
931,bugger},english,latin
932,bbum{,english,latin
933,bbum,english,latin
934,b _ m,english,latin
935,b u m,english,latin
936,bund@,hindi,latin
937,bund:,hindi,latin
938,bund$,hindi,latin
939,b _ n d,hindi,latin
940,b u n d*,hindi,latin
941,b u n n y   f u c k e r],english,latin
942,b u n n y   ^ u c k % r?,english,latin
943,bunny fuck%r&,english,latin
944,b u n n y   f u c k e r,english,latin
945,b u r<,hindi,latin
946,b_r,hindi,latin
947,b u t t,english,latin
948,b u t t%,english,latin
949,b u t t-,english,latin
950,butthole.,english,latin
951,b_*thole[,english,latin
952,bu*thole#,english,latin
953,bb u * t h o l e,english,latin
954,"b u t t m u , h",english,latin
955,b _ t t m u c h,english,latin
956,"buttmu,h,",english,latin
957,b_ttpl__g^,english,latin
958,b u t t p l u g-,english,latin
959,b u t t p l u g,english,latin
960,b_ttplug,english,latin
961,b u u b l e,hindi,latin
962,buuble-,hindi,latin
963,buuubl%,hindi,latin
964,c 0 c k,english,latin
965,cc 0 c k,english,latin
966,", 0 cc k",english,latin
967,c0ck&,english,latin
968,",0cksucker",english,latin
969,c 0 c k s u c k e r,english,latin
970,c 0 c k s u c k e r>,english,latin
971,c0ck$ucker,english,latin
972,c0ck$ucker},english,latin
973,", a r p e t   m u n c h e r?",english,latin
974,carpe* muncher,english,latin
975,carp%* muncher,english,latin
976,c a r p % t   m u n c h e r+,english,latin
977,c a r p e t   m u n c h e r.,english,latin
978,c@wk,english,latin
979,c @ w ;,english,latin
980,",awk[",english,latin
981,cc#akka.,hindi,latin
982,c h a ; k a,hindi,latin
983,c h a ;; k a-,hindi,latin
984,c#akka,hindi,latin
985,chakka=,hindi,latin
986,c h a k k a,hindi,latin
987,c h i n a a l,hindi,latin
988,c h ! n a a l*,hindi,latin
989,c h ! n a a l{,hindi,latin
990,c # i n a a l,hindi,latin
991,chin@al,hindi,latin
992,c#in@al,hindi,latin
993,c#inaal{,hindi,latin
994,chinaall:,hindi,latin
995,c h i n @ a l,hindi,latin
996,c # i n k,english,latin
997,c#iink,english,latin
998,chin;,english,latin
999,c h i n k@,english,latin
1000,c h i n ;,english,latin
1001,chod@i?,hindi,latin
1002,c h ( d a i,hindi,latin
1003,",hodai",hindi,latin
1004,ch(dai,hindi,latin
1005,ch(da!,hindi,latin
1006,c#oodela,hindi,latin
1007,c h ( d e l a,hindi,latin
1008,chodela|,hindi,latin
1009,chodeela,hindi,latin
1010,ch(di,hindi,latin
1011,", h o d i",hindi,latin
1012,ch(dna,hindi,latin
1013,c#(dna,hindi,latin
1014,ch((dna<,hindi,latin
1015,c h o d n e,hindi,latin
1016,",hodn%",hindi,latin
1017,c # o d o,hindi,latin
1018,chhodo,hindi,latin
1019,cchodu,hindi,latin
1020,chhodu-,hindi,latin
1021,",hodu%",hindi,latin
1022,c h o d u),hindi,latin
1023,ch(d_,hindi,latin
1024,c h ( d u(,hindi,latin
1025,", h o d u",hindi,latin
1026,", h o dd u",hindi,latin
1027,c#oodva!,hindi,latin
1028,c h o d v a!,hindi,latin
1029,ch(dv@,hindi,latin
1030,c h o d v a,hindi,latin
1031,c#ucchi,hindi,latin
1032,c#uchi,hindi,latin
1033,c h _ c h i,hindi,latin
1034,c h u c h i:,hindi,latin
1035,c h u c h i,hindi,latin
1036,c#uchiyan=,hindi,latin
1037,", h u c h i y a n",hindi,latin
1038,c h u c h i y a  n.,hindi,latin
1039,",#uchiyan",hindi,latin
1040,c h u c h ! y a n,hindi,latin
1041,c # u d?,hindi,latin
1042,", h _ d",hindi,latin
1043,c h uu d,hindi,latin
1044,",h_d",hindi,latin
1045,c h u d a,hindi,latin
1046,ch_dda,hindi,latin
1047,chuuda,hindi,latin
1048,",,huda",hindi,latin
1049,c#uudai<,hindi,latin
1050,chud@!,hindi,latin
1051,",hudai",hindi,latin
1052,c h _ d a i,hindi,latin
1053,c h u d @ i),hindi,latin
1054,chudi?,hindi,latin
1055,chud!,hindi,latin
1056,c h _ d i],hindi,latin
1057,c h u d  i$,hindi,latin
1058,c # u  d i;,hindi,latin
1059,c#_dn@,hindi,latin
1060,c h u d n a,hindi,latin
1061,c##udna,hindi,latin
1062,c h u d n e,hindi,latin
1063,c#udne,hindi,latin
1064,chudnne,hindi,latin
1065,c h _ d n e,hindi,latin
1066,chhudo,hindi,latin
1067,c h _ d o,hindi,latin
1068,c # _ d o,hindi,latin
1069,"chudo,",hindi,latin
1070,", h _ d v a-",hindi,latin
1071,c # u d v a,hindi,latin
1072,c#udva@,hindi,latin
1073,chudv@na!,hindi,latin
1074,",hudvana",hindi,latin
1075,chudv@na,hindi,latin
1076,c h _ d v a n a,hindi,latin
1077,c h u t,hindi,latin
1078,chutt?,hindi,latin
1079,", # u t.",hindi,latin
1080,cch_*,hindi,latin
1081,chut-,hindi,latin
1082,ch_t,hindi,latin
1083,chuut,hindi,latin
1084,chut^,hindi,latin
1085,c h _ *   m a r i k e,hindi,latin
1086,c # u t   m a r i ; e,hindi,latin
1087,c h u *   m a r ! k e=,hindi,latin
1088,chut m@rike,hindi,latin
1089,chu* m@rike,hindi,latin
1090,",#_tiya",hindi,latin
1091,chu*iy@@,hindi,latin
1092,c h u t i yy a,hindi,latin
1093,chut!ya,hindi,latin
1094,",,#utiya=",hindi,latin
1095,c h u t i y a|,hindi,latin
1096,",hutiy@=",hindi,latin
1097,c h u t ! y a,hindi,latin
1098,c h u * i y  a,hindi,latin
1099,chuutiya=,hindi,latin
1100,",hutiy@",hindi,latin
1101,c h u * i y a,hindi,latin
1102,chutiy@+,hindi,latin
1103,cchu*iya,hindi,latin
1104,", h _ tt i y a p a",hindi,latin
1105,chu**iyapa,hindi,latin
1106,chutiyapa+,hindi,latin
1107,c#u*iyapa,hindi,latin
1108,chutiy@pa,hindi,latin
1109,ch_tmar,hindi,latin
1110,c h _ t m a r,hindi,latin
1111,c # u t m a r,hindi,latin
1112,c h u * m a r:,hindi,latin
1113,", h u t m a r",hindi,latin
1114,c h u u c h e,hindi,latin
1115,chuuch%,hindi,latin
1116,cipp@,english,latin
1117,cip@,english,latin
1118,", i p a*",english,latin
1119,",ipaa[",english,latin
1120,cippa|,english,latin
1121,cl1t_,english,latin
1122,c l 1 t,english,latin
1123,c l 1 t!,english,latin
1124,cl1*,english,latin
1125,c l 1 *?,english,latin
1126,clit$,english,latin
1127,c l  i t,english,latin
1128,clit(ris,english,latin
1129,",litoris{",english,latin
1130,clitori$,english,latin
1131,c l ! t s,english,latin
1132,",lits",english,latin
1133,c l i tt $,english,latin
1134,c l i t s,english,latin
1135,c n u **,english,latin
1136,c n _ t,english,latin
1137,", n __ t@",english,latin
1138,c n u t,english,latin
1139,",nut",english,latin
1140,c o c k,english,latin
1141,c o c k-,english,latin
1142,",ock",english,latin
1143,c(ck,english,latin
1144,c o c k - s u c k e r,english,latin
1145,c o c k -- s u c k e r,english,latin
1146,c o c ; - s u c k e r,english,latin
1147,coc;-sucker,english,latin
1148,cock^ac%,english,latin
1149,c((ckface,english,latin
1150,ccock^@ce,english,latin
1151,coc;^ace,english,latin
1152,cock^ace,english,latin
1153,c o c ; h % a d,english,latin
1154,cockhhead+,english,latin
1155,cockhe@@d(,english,latin
1156,cockhead%,english,latin
1157,c ( c  k h e a d,english,latin
1158,",ockmunc#",english,latin
1159,cockmunc#,english,latin
1160,c o c ; m u n c h,english,latin
1161,", o c k m u n c h",english,latin
1162,c o c k m u n c h],english,latin
1163,",oc;munch%r",english,latin
1164,c ( c k m u n c h e r,english,latin
1165,c o c ; m u n c h e r,english,latin
1166,c ( c k s,english,latin
1167,coock$^,english,latin
1168,c o c ; s,english,latin
1169,c o c k s_,english,latin
1170,cock$$,english,latin
1171,c ( c k ss u c k,english,latin
1172,"c o c ; s u c  k,",english,latin
1173,cock$_ck&,english,latin
1174,",ock$uck",english,latin
1175,cock$ucked,english,latin
1176,c o c k s _ c k e d,english,latin
1177,c o c k s u c k % d,english,latin
1178,c o c  k s u c k e d],english,latin
1179,c o c k $ u c k e r,english,latin
1180,ccock$ucker>,english,latin
1181,c o c k s u c k e r_,english,latin
1182,c o c k s u c k e r,english,latin
1183,cock$ucker?,english,latin
1184,cocks_cking?,english,latin
1185,",ocksucking",english,latin
1186,", o c k s u c k i n g|",english,latin
1187,c o c ; s u c k s,english,latin
1188,c o c k $ _ c k s@,english,latin
1189,c o c k s u c k s,english,latin
1190,",ockssucks",english,latin
1191,c o c k $ u k @^,english,latin
1192,ccoc;suka,english,latin
1193,c o c k s u k a<,english,latin
1194,c(cksuk@,english,latin
1195,c ( c ; s _ k k a,english,latin
1196,ccocksukka,english,latin
1197,c o c ; s u k k a,english,latin
1198,c(cksukka,english,latin
1199,c o c k s u k k a,english,latin
1200,ccok,english,latin
1201,c(k,english,latin
1202,c oo ;_,english,latin
1203,c o ; m u n c h % r;,english,latin
1204,co;muncher,english,latin
1205,co;m_ncher?,english,latin
1206,c o k m u n c h e r,english,latin
1207,c o ; m u n c h e r,english,latin
1208,c(ksuck@_,english,latin
1209,",ok$ucka",english,latin
1210,c o k s u c k a,english,latin
1211,coksucck@,english,latin
1212,coksucka=,english,latin
1213,cc(on,english,latin
1214,c(on,english,latin
1215,c o o n,english,latin
1216,coon!,english,latin
1217,c o x^,english,latin
1218,c o x,english,latin
1219,coox,english,latin
1220,c r a p,english,latin
1221,",,rap",english,latin
1222,c u m],english,latin
1223,cc_m.,english,latin
1224,c u m},english,latin
1225,c u m,english,latin
1226,c u m m e r],english,latin
1227,cumm%r,english,latin
1228,cummeer,english,latin
1229,c u m m % r,english,latin
1230,",umming",english,latin
1231,cummiing,english,latin
1232,c u m m i n g,english,latin
1233,cumm!!ng,english,latin
1234,cum$,english,latin
1235,c u m s,english,latin
1236,",um$",english,latin
1237,c u m s h ( t&,english,latin
1238,", u m s h o t#",english,latin
1239,c u m s h o t,english,latin
1240,cumsh(t,english,latin
1241,cumsh((t,english,latin
1242,",un!linguus",english,latin
1243,",unilingus",english,latin
1244,c u n i l l i n g u s,english,latin
1245,cun!llingus,english,latin
1246,",unn!lingus",english,latin
1247,c u n n i l i n g u s],english,latin
1248,c u n n i l i n g u s,english,latin
1249,ccunnilingus,english,latin
1250,c_nt+,english,latin
1251,c u n t!,english,latin
1252,cunt;,english,latin
1253,cuunt,english,latin
1254,cuntlick),english,latin
1255,c _ n t l i c k^,english,latin
1256,c u n t l i c k,english,latin
1257,",_ntli,k",english,latin
1258,c u nn t l i c k e r,english,latin
1259,c u n * l i c k e r@,english,latin
1260,", u n t l i c k e r",english,latin
1261,c u n t l i c k % r,english,latin
1262,cuntlicking$,english,latin
1263,c u n t l i c ; i n g,english,latin
1264,c u n t l ! c kk i n g[,english,latin
1265,c u n t l i c k i n g,english,latin
1266,c_ntlicking$,english,latin
1267,cun*s,english,latin
1268,"c u n * s,",english,latin
1269,",,unts",english,latin
1270,cunts},english,latin
1271,",yalis",english,latin
1272,cyalis?,english,latin
1273,c y a l i $=,english,latin
1274,c y a l i s,english,latin
1275,", y a l i s",english,latin
1276,c y b e r f u c[,english,latin
1277,c y b e r f _ c,english,latin
1278,", y b % r f u c",english,latin
1279,c y b e r f u c,english,latin
1280,cyberf_ck,english,latin
1281,", y b e r f u c k",english,latin
1282,cyb%rf_ck-,english,latin
1283,cyb%rrfuck,english,latin
1284,cyb%r^uc;ed!,english,latin
1285,c y b e r f _ c k e d,english,latin
1286,cyb%rfucked,english,latin
1287,cyb%rr^ucked*,english,latin
1288,", y b e r f u , k e r",english,latin
1289,c y b % r f u c k e r,english,latin
1290,c y b e r f _ c ; e r=,english,latin
1291,c y b e r f u c k e r,english,latin
1292,cyberfuc;er$,english,latin
1293,c y b e  r f u c k e r s,english,latin
1294,cyberf_ckers!,english,latin
1295,cyberfucker$,english,latin
1296,cyberfuc;ing,english,latin
1297,c y b e r f u c k i n g,english,latin
1298,"cyberfuck!ng,",english,latin
1299,",yberfuck!ng",english,latin
1300,cybber^uc;ing,english,latin
1301,d 11 c k{,english,latin
1302,d1cc;,english,latin
1303,d 1 c k,english,latin
1304,d1c;,english,latin
1305,d a m n,english,latin
1306,damn?,english,latin
1307,damn),english,latin
1308,d a m n.,english,latin
1309,d!ck,english,latin
1310,dick@,english,latin
1311,diick,english,latin
1312,dic;,english,latin
1313,dickheead?,english,latin
1314,diickhead,english,latin
1315,d ! c  k h e a d,english,latin
1316,dickh%ad+,english,latin
1317,dild(,english,latin
1318,dildo?,english,latin
1319,dildoos,english,latin
1320,d!ld(s,english,latin
1321,dild(s,english,latin
1322,d  i l d o s,english,latin
1323,d i n k,english,latin
1324,d i n ;,english,latin
1325,d  i n k,english,latin
1326,"d i n k,",english,latin
1327,dinks?,english,latin
1328,d i n  k $,english,latin
1329,din;$,english,latin
1330,d i r $  a,english,latin
1331,d i r $ a,english,latin
1332,dirs@=,english,latin
1333,dirrsa&,english,latin
1334,dirsa.,english,latin
1335,d l c k,english,latin
1336,ddlck,english,latin
1337,dlc;,english,latin
1338,dog-fuc;er,english,latin
1339,d o g - f u c k % r<,english,latin
1340,d o g - f u c k e r_,english,latin
1341,"dog-fu,;er",english,latin
1342,d o g - ^ u c k e r,english,latin
1343,doggin=,english,latin
1344,ddoggin,english,latin
1345,d o g g  ! n,english,latin
1346,doggin?,english,latin
1347,doggin{,english,latin
1348,dogg!ng,english,latin
1349,d o g g i n g,english,latin
1350,doggging,english,latin
1351,d o n k e y r ! b b e r,english,latin
1352,donk%yribber,english,latin
1353,donkeyr!bbber,english,latin
1354,d o n k e y r i b b e r,english,latin
1355,d ( o  s h,english,latin
1356,ddoosh,english,latin
1357,d(osh?,english,latin
1358,d oo o s h,english,latin
1359,d u c h e,english,latin
1360,duc#e,english,latin
1361,d u c hh e,english,latin
1362,dyke=,english,latin
1363,dykke,english,latin
1364,ejaculatte+,english,latin
1365,e j @ c u l a t e,english,latin
1366,e j @ c u l a * e,english,latin
1367,"% j a , uu l a t e",english,latin
1368,ejac_latte,english,latin
1369,%j@culated:,english,latin
1370,% j a c u l a t e d,english,latin
1371,e j a c u l a t e d_,english,latin
1372,e j @ c u l @ t e d!,english,latin
1373,ejacuula*es,english,latin
1374,e j @ c u l a  t e s,english,latin
1375,"e j a , _ l a t e s",english,latin
1376,e j a c _ l a t e s,english,latin
1377,ej@cula*es#,english,latin
1378,e j a c _ l a t i n g,english,latin
1379,e j a c u l a t i n g,english,latin
1380,ejac_lating@,english,latin
1381,"%jacula*ing,",english,latin
1382,e j a c _ l a tt i n g s,english,latin
1383,e j a c u l a t i n g s,english,latin
1384,e j a c u l a * i n g s*,english,latin
1385,%jaculating$,english,latin
1386,ejacula*ings,english,latin
1387,e j a c u l a t i o n,english,latin
1388,eejac_lation,english,latin
1389,%jaculati(n,english,latin
1390,ejac__la*ion{,english,latin
1391,ejacula*ion,english,latin
1392,e j a ; _ l a t e,english,latin
1393,e j a k _ l a t e,english,latin
1394,% j a k _ l a t e#,english,latin
1395,eja;ulate,english,latin
1396,f   u   c    ;,english,latin
1397,f u c k<,english,latin
1398,f u c ;-,english,latin
1399,^  u c k!,english,latin
1400,^ u c k[,english,latin
1401,^    _   c   k   e   r,english,latin
1402,f u c  k e r,english,latin
1403,f   _   c   k   e   r,english,latin
1404,f u c k e r_,english,latin
1405,^4nny,english,latin
1406,f4nny?,english,latin
1407,f _ u _  c _ k,english,latin
1408,"f_u__c_k,",english,latin
1409,f _ _ _ c _ k,english,latin
1410,^_u_c_;*,english,latin
1411,f_u_c_;,english,latin
1412,f@g,english,latin
1413,f a g+,english,latin
1414,f@g<,english,latin
1415,f a g[,english,latin
1416,f a g,english,latin
1417,f a g g i n g,english,latin
1418,fagging[,english,latin
1419,ffagging,english,latin
1420,^ a g g i n g?,english,latin
1421,fagg!ng?,english,latin
1422,fagg!tt_,english,latin
1423,f a g g ! t t-,english,latin
1424,faggittt{,english,latin
1425,^ @ g g i t tt),english,latin
1426,f a g g i t t_,english,latin
1427,fagg(t!,english,latin
1428,faggo*^,english,latin
1429,faggot=,english,latin
1430,^ a g g ( t,english,latin
1431,f @ g g o  t),english,latin
1432,faggo*,hindi,latin
1433,^aggot,hindi,latin
1434,faggot},hindi,latin
1435,f a g g s,english,latin
1436,fagg$),english,latin
1437,fag(t,english,latin
1438,^  a g o t:,english,latin
1439,f a g o t-,english,latin
1440,^ @ g o t,english,latin
1441,f a g ( t,english,latin
1442,f a g ( * s,english,latin
1443,f a g o t $,english,latin
1444,fago*s,english,latin
1445,f a g o * s=,english,latin
1446,f@goots,english,latin
1447,f a g $,english,latin
1448,fags?,english,latin
1449,^ags,english,latin
1450,^^@gs,english,latin
1451,^ @ g s{,english,latin
1452,f aa n n y,english,latin
1453,ffanny,english,latin
1454,fannny,english,latin
1455,^@nnny,english,latin
1456,fannyflaaps,english,latin
1457,fannyflaps&,english,latin
1458,f @ n n y f l a p s!,english,latin
1459,f @ n n y f u c k e r{,english,latin
1460,fannyfuck%r,english,latin
1461,f a n n y f u c ; e r,english,latin
1462,fannyfuck%r[,english,latin
1463,fannyfucker=,english,latin
1464,fannyy|,english,latin
1465,f @ n y y,english,latin
1466,ff @ n y y,english,latin
1467,f a n y y,english,latin
1468,"fanyy,",english,latin
1469,fatass-,english,latin
1470,fatass$,english,latin
1471,fatass(,english,latin
1472,f a * a s s,english,latin
1473,f @ t a s s,english,latin
1474,^c_k,english,latin
1475,^ c u k,english,latin
1476,f c u k,english,latin
1477,fc_k,english,latin
1478,fcu;er,english,latin
1479,f c u k ee r,english,latin
1480,f c u ; e r?,english,latin
1481,f c u k % r{,english,latin
1482,"f,_king",english,latin
1483,f c  u k ! n g,english,latin
1484,fcuking#,english,latin
1485,^ c u k  i n g,english,latin
1486,^cuk!ng*,english,latin
1487,^ec;!,english,latin
1488,fec;,english,latin
1489,"f ee , ;",english,latin
1490,f % c k,english,latin
1491,ff%ck%,english,latin
1492,f % cc k e r,english,latin
1493,^ e c k  e r,english,latin
1494,"f e , k e r.",english,latin
1495,f e c ; e r,english,latin
1496,^ e c  k e r,english,latin
1497,"f e l , h i n g^",english,latin
1498,f%lching,english,latin
1499,"^ e l , # i n g",english,latin
1500,f % l c h ! n g,english,latin
1501,^ella*e,english,latin
1502,f e l l a t e,english,latin
1503,f%llate,english,latin
1504,^ e l l a t e,english,latin
1505,f%llatio,english,latin
1506,f e l l @ t i o|,english,latin
1507,^ellatio#,english,latin
1508,ff e l l a t i o?,english,latin
1509,fellatio],english,latin
1510,^ingerf_ck?,english,latin
1511,"fingeerfuck,",english,latin
1512,^ingerf_ck,english,latin
1513,fingerf_ck#,english,latin
1514,"fingerf_,;",english,latin
1515,fingerfucked{,english,latin
1516,^ingerfucked,english,latin
1517,f i n g e r f _ c ; e d,english,latin
1518,"fingerfu,ked",english,latin
1519,^ i n g e r ^ u c k e r@,english,latin
1520,"f i n g e r f u , k e r^",english,latin
1521,f ! nn g e r f u c k e r,english,latin
1522,fingerf_cker,english,latin
1523,^ingerfucker$,english,latin
1524,f i n g e r f u c ; e r s+,english,latin
1525,f ! n g e r f u c k e r s*,english,latin
1526,f i n g e r f u c k e rr s,english,latin
1527,fing%rfuckers,english,latin
1528,^ingerfucking,english,latin
1529,f i n g e r f _ c ; i n g,english,latin
1530,"^!ngerfu,king",english,latin
1531,f!!ngerfuc;ing,english,latin
1532,f i n g e r f u c k i n g,english,latin
1533,^ ! n g ee r ^ u c k s},english,latin
1534,f i n g e r f u c k s,english,latin
1535,fingerfuc;s@,english,latin
1536,"fing%rf_,ks=",english,latin
1537,f!ng%rfucks,english,latin
1538,^istfuck,english,latin
1539,^ i  s t f _ c k,english,latin
1540,fi$tfuck,english,latin
1541,f!stfuck,english,latin
1542,fistfuc;%d,english,latin
1543,fis*f_cked-,english,latin
1544,fistf_cked,english,latin
1545,"f ! s t f u , k  % d%",english,latin
1546,fistfuck%d,english,latin
1547,^is*fucker,english,latin
1548,fistf_ck%r,english,latin
1549,f ! s t f u c k e r,english,latin
1550,fi$tfucker,english,latin
1551,^i$tfucker,english,latin
1552,fistfuck%rs,english,latin
1553,fi$tfuckers,english,latin
1554,f i s t f u c k % r s,english,latin
1555,^ i s t f u c k e r s,english,latin
1556,f i s t f u c k e r s>,english,latin
1557,f i s t f u c ; i n g=,english,latin
1558,f i s t f u c ;; i n g(,english,latin
1559,f!stfuc;ing-,english,latin
1560,f i $ t f u c k i n g,english,latin
1561,^ i s t f u  c k i n g?,english,latin
1562,^ i s t f _ c k i n g s,english,latin
1563,fi$tfuc;ings^,english,latin
1564,"^ i s t f _ , k i n g  s",english,latin
1565,f!s*fuckings,english,latin
1566,"^ i s t f _ c k s,",english,latin
1567,fistfuc;s,english,latin
1568,fistf_cks,english,latin
1569,f i $ t f u c ; s,english,latin
1570,^!stfucks,english,latin
1571,f l a n g e,english,latin
1572,^ l a n g e,english,latin
1573,f l @ n g e,english,latin
1574,flange?,english,latin
1575,f o o k,english,latin
1576,foook,english,latin
1577,ff o o k,english,latin
1578,f(ok,english,latin
1579,f(okeer,english,latin
1580,fook%r+,english,latin
1581,f o o k e r&,english,latin
1582,f(oker-,english,latin
1583,"fu,;",english,latin
1584,"^ uu , k>",english,latin
1585,"f u , k",english,latin
1586,^uc;,english,latin
1587,fuc;,english,latin
1588,f u c ; a,english,latin
1589,^ u c k a,english,latin
1590,fucka+,english,latin
1591,fuck@,english,latin
1592,^ u c k e d,english,latin
1593,f u c  k % d,english,latin
1594,"^u,ked@",english,latin
1595,f u c k e  d{,english,latin
1596,^  u c k e d:,english,latin
1597,fucker},english,latin
1598,fuc;er.,english,latin
1599,f_cker,english,latin
1600,f u c k e r<,english,latin
1601,"f u , k e r s]",english,latin
1602,fuc;er$,english,latin
1603,"fu,k%rs",english,latin
1604,f u c k e r s:,english,latin
1605,f _ c k e r $,english,latin
1606,"f_,khead",english,latin
1607,f u c k h % a d,english,latin
1608,^uckhead),english,latin
1609,f u  c k # e a d,english,latin
1610,fuc;head,english,latin
1611,fuckkheads,english,latin
1612,f _ c k # e a d s,english,latin
1613,f u c k h e a d $,english,latin
1614,^^uckh%ads,english,latin
1615,"fu,;heads;",english,latin
1616,fuc;in+,english,latin
1617,"fu,kin",english,latin
1618,^ u  c k ! n,english,latin
1619,"f u , ; i nn:",english,latin
1620,fuck!ng,english,latin
1621,f _ c k i n g,english,latin
1622,f u c kk i n g),english,latin
1623,f  u c k i n g,english,latin
1624,"fu,king",english,latin
1625,f u c k i n g $,english,latin
1626,"fu,kings",english,latin
1627,"fu,k!ngs",english,latin
1628,^ucking$,english,latin
1629,f u  c k i n g s,english,latin
1630,^ u c k ! n g s h i * m o t h e r f u c k e r@,english,latin
1631,^ _ c k i n g s h i t m o t h e r f u c k e r,english,latin
1632,fuck!ngshitmotherfucker,english,latin
1633,fuc;ingshitmotherfucker(,english,latin
1634,"fu,king$hitmotherfucker",english,latin
1635,fuc;mee<,english,latin
1636,"fu,kme",english,latin
1637,^ u c k m e,english,latin
1638,f_ckme,english,latin
1639,fucks@,english,latin
1640,"fu,;s}",english,latin
1641,^ u cc k s,english,latin
1642,"fu,kks",english,latin
1643,fuckwwhit,english,latin
1644,^ u c ; w h i t,english,latin
1645,f_ckwhiit,english,latin
1646,f_ckwhit,english,latin
1647,f u c ; w h ! t:,english,latin
1648,fuckw!t,english,latin
1649,fuc;wit+,english,latin
1650,fuckwi*.,english,latin
1651,fuckwi*!,english,latin
1652,fuckwi*,english,latin
1653,f u d g e   p @ c k e r,english,latin
1654,fudge p@cker,english,latin
1655,^udgee p@cker,english,latin
1656,f u d g e   p @ cc k e r,english,latin
1657,^udgge packer,english,latin
1658,f u d g e p a c k e r,english,latin
1659,^udgepacker,english,latin
1660,fudg%packer(,english,latin
1661,fudgep@cker>,english,latin
1662,f_dgepac;er?,english,latin
1663,f u k,english,latin
1664,fuuk#,english,latin
1665,f u ;,english,latin
1666,fu;er,english,latin
1667,f  u k e r,english,latin
1668,f _ k e r,english,latin
1669,f u k e r,english,latin
1670,f u k k % r#,english,latin
1671,f u k k e r*,english,latin
1672,f _ k k e r-,english,latin
1673,f u ; ; e r<,english,latin
1674,f u k k i n,english,latin
1675,f u k k i  n,english,latin
1676,f u k  k i n,english,latin
1677,f u kk k i n@,english,latin
1678,^ u kk s,english,latin
1679,fuks&,english,latin
1680,^uks,english,latin
1681,f u k w h i *#,english,latin
1682,fukkw#it,english,latin
1683,f u ; w h i t,english,latin
1684,f u ; w h i t$,english,latin
1685,f u k w h i *,english,latin
1686,f u ; w i t?,english,latin
1687,f u ; w i t,english,latin
1688,f u k w i t,english,latin
1689,f _ k w i t,english,latin
1690,f u k w ! t=,english,latin
1691,^ux,english,latin
1692,^ux{,english,latin
1693,ff_x,english,latin
1694,f _ x,english,latin
1695,f uu x 0 r,english,latin
1696,f u x 00 r,english,latin
1697,^ux0r,english,latin
1698,fux0r|,english,latin
1699,^ux0r(,english,latin
1700,g a a n d   m a $ t i,hindi,latin
1701,gaandd masti,hindi,latin
1702,g@and masti,hindi,latin
1703,gaand mast!,hindi,latin
1704,g a a n d m a s t i,hindi,latin
1705,gaandmmast!,hindi,latin
1706,g @ a n d m a s * i,hindi,latin
1707,g @ a n d m a s t i?,hindi,latin
1708,g aa a n d m a s t i!,hindi,latin
1709,g a a n d u,hindi,latin
1710,gaandu+,hindi,latin
1711,g a a n d u;,hindi,latin
1712,gaaandu,hindi,latin
1713,gad#e ki aulad,hindi,latin
1714,gadhe ;i aulad&,hindi,latin
1715,gadhee ki aulad,hindi,latin
1716,gadhe k! aulad,hindi,latin
1717,g a d h e   k i   a _ l a d,hindi,latin
1718,g a d # e   ; i   z a t,hindi,latin
1719,g@dhe k! zat,hindi,latin
1720,g a d h e   k !   z a t,hindi,latin
1721,gad#% ki zat<,hindi,latin
1722,g a n d   m a r a n a,hindi,latin
1723,g @ n d   m a r a n a,hindi,latin
1724,gand marana_,hindi,latin
1725,g@nd marana,hindi,latin
1726,gand mari?,hindi,latin
1727,gg@nd mari,hindi,latin
1728,g @ n d   m a r !   k e,hindi,latin
1729,g a n d   m a r i   k %,hindi,latin
1730,gandd mari k%,hindi,latin
1731,gand mmari k%,hindi,latin
1732,gand marna?,hindi,latin
1733,g@nd marna,hindi,latin
1734,g a n d   m a r n a,hindi,latin
1735,gand mar_,hindi,latin
1736,g a n d    m a r u,hindi,latin
1737,g a n d   m a r u,hindi,latin
1738,g@nd phata,hindi,latin
1739,g a n d   p h a t a,hindi,latin
1740,g@nd pha*a&,hindi,latin
1741,gand p#at!,hindi,latin
1742,gand pha*i],hindi,latin
1743,g@nd p#ati,hindi,latin
1744,g a n d   p h a t i,hindi,latin
1745,g a n d   p # a t i,hindi,latin
1746,g a n d   p # a t o n,hindi,latin
1747,g a n d   p h a t o n,hindi,latin
1748,g a n  d   p h a t o n,hindi,latin
1749,g@nd pph@ton*,hindi,latin
1750,gand p#aton,hindi,latin
1751,"g a n d    p h a t u,",hindi,latin
1752,g@ndd phatu,hindi,latin
1753,gand pha*_,hindi,latin
1754,g a n dd i,hindi,latin
1755,gand!,hindi,latin
1756,gand!<,hindi,latin
1757,gg @ n d m a r a n a,hindi,latin
1758,gandmarana],hindi,latin
1759,g a n d m a r a n a,hindi,latin
1760,g @ n d  m a r i!,hindi,latin
1761,g aa n d m a r !_,hindi,latin
1762,g a n d m a r i@,hindi,latin
1763,gandmarna$,hindi,latin
1764,g@ndm@rna,hindi,latin
1765,g@ndmar_),hindi,latin
1766,gandmmaru,hindi,latin
1767,g a n d m a r  _,hindi,latin
1768,gandmaru!,hindi,latin
1769,g@ndmaru,hindi,latin
1770,g a n d p h a * a,hindi,latin
1771,"gandphata,",hindi,latin
1772,g a n d p h a t a,hindi,latin
1773,g@ndp#ata,hindi,latin
1774,g a n d p h a t i,hindi,latin
1775,gandp#ati,hindi,latin
1776,g a n d p  h a t i(,hindi,latin
1777,gandp#a*i,hindi,latin
1778,g a n d p h  a t i,hindi,latin
1779,g a n d p h a t o n,hindi,latin
1780,g @ n d p # a t o n,hindi,latin
1781,g @ n d p # a t o n^,hindi,latin
1782,g a n d p # a t o n+,hindi,latin
1783,gandphatu{,hindi,latin
1784,g@ndphatu.,hindi,latin
1785,ganndphatu%,hindi,latin
1786,g a n d p h a * u,hindi,latin
1787,g a n d _[,hindi,latin
1788,g a n d _#,hindi,latin
1789,g@ndu,hindi,latin
1790,g a n g b a n g!,english,latin
1791,g a n g b a n g,english,latin
1792,gangbang%d,english,latin
1793,g a n g b a n g e d,english,latin
1794,g a n g b a n  g e d,english,latin
1795,ganngbangs,english,latin
1796,g @ n g b a n g s?,english,latin
1797,g a n g b a n g s,english,latin
1798,ggaylord,english,latin
1799,g @ y l o r d[,english,latin
1800,gays%x,english,latin
1801,g aa y s e x,english,latin
1802,g a y s e x,english,latin
1803,g h @ s s a d,hindi,latin
1804,ghassad!,hindi,latin
1805,g h aa s s a d,hindi,latin
1806,ghassad-,hindi,latin
1807,g # a s s a d,hindi,latin
1808,g h a ss s a d,hindi,latin
1809,ghaassad,hindi,latin
1810,g  # a s s a d,hindi,latin
1811,g h a s s a dd>,hindi,latin
1812,g # @ s t !,hindi,latin
1813,g h a $ t i,hindi,latin
1814,gh@sti,hindi,latin
1815,ghast!,hindi,latin
1816,g h @ s t i,hindi,latin
1817,ghaasti_,hindi,latin
1818,g h @ $ t !],hindi,latin
1819,gh@sti.,hindi,latin
1820,ghh@$ti,hindi,latin
1821,gh@s*i,hindi,latin
1822,goat$ee(,english,latin
1823,g o a t s e,english,latin
1824,ggo@tse,english,latin
1825,goa*se,english,latin
1826,g o a * s e,english,latin
1827,god-dd@m,english,latin
1828,g o d - d @ m,english,latin
1829,g o d - d a m n e d,english,latin
1830,god-damn%d,english,latin
1831,g ( d - d a m n e d,english,latin
1832,godddamn,english,latin
1833,g o d d a m n:,english,latin
1834,godd@mn,english,latin
1835,g o d d a m n,english,latin
1836,g o d d  a m n,english,latin
1837,g(ddamn%d$,english,latin
1838,g o d d a m n e d?,english,latin
1839,godddamn%d,english,latin
1840,godd@mned^,english,latin
1841,h a r a m   z a d a,hindi,latin
1842,#aram  zada,hindi,latin
1843,#arram zada,hindi,latin
1844,h@ram zada,hindi,latin
1845,haram zada?,hindi,latin
1846,hharam zada,hindi,latin
1847,haram zada<,hindi,latin
1848,hharami,hindi,latin
1849,harami#,hindi,latin
1850,haramm!*,hindi,latin
1851,h a r a m i@,hindi,latin
1852,h@rami,hindi,latin
1853,h @ r a m i,hindi,latin
1854,h@rami!,hindi,latin
1855,h a r a m !,hindi,latin
1856,# a r a m i a,hindi,latin
1857,haramia(,hindi,latin
1858,h a r a m i a,hindi,latin
1859,h a r aa m i a,hindi,latin
1860,#aramia#,hindi,latin
1861,haramkhor^,hindi,latin
1862,h a r a m k h o r,hindi,latin
1863,h a r a m k h oo r,hindi,latin
1864,haraamkhor,hindi,latin
1865,#aramkhor?,hindi,latin
1866,h a r a m z a d a,hindi,latin
1867,h a r a m z aa d a,hindi,latin
1868,harramzada,hindi,latin
1869,h a r a m z a d i@,hindi,latin
1870,#aramzadi,hindi,latin
1871,haramzad!?,hindi,latin
1872,# @ r a m z a d i&,hindi,latin
1873,hardcoresex),english,latin
1874,h@rdcoresex,english,latin
1875,"hard,oresex",english,latin
1876,h a r d c o r e $ e x,english,latin
1877,heell,english,latin
1878,h e s h e,english,latin
1879,h e s h e(,english,latin
1880,h e s h  e,english,latin
1881,h%sh%(,english,latin
1882,"h%she,",english,latin
1883,hhijade,hindi,latin
1884,h i j a d e,hindi,latin
1885,h ! jj a d %,hindi,latin
1886,h i j @ d e,hindi,latin
1887,hijda?,hindi,latin
1888,h!jda,hindi,latin
1889,h i j d a,hindi,latin
1890,#ijda+,hindi,latin
1891,h i j d @,hindi,latin
1892,h i  j d @,hindi,latin
1893,h ! j dd a,hindi,latin
1894,# i j d a,hindi,latin
1895,hijra:,hindi,latin
1896,hhijra,hindi,latin
1897,h i j r a,hindi,latin
1898,#ijra,hindi,latin
1899,h i  j r a=,hindi,latin
1900,h!jr@,hindi,latin
1901,hijjra,hindi,latin
1902,h!jra,hindi,latin
1903,hijr@,hindi,latin
1904,h o @ r%,english,latin
1905,#oar,english,latin
1906,h o a r,english,latin
1907,# ( a r,english,latin
1908,#oar>,english,latin
1909,hoare_,english,latin
1910,ho@re,english,latin
1911,h o @ r e@,english,latin
1912,h o a r e,english,latin
1913,h o % r,english,latin
1914,hooer,english,latin
1915,hoer+,english,latin
1916,"# o m o,",english,latin
1917,h o m o(,english,latin
1918,hor%+,english,latin
1919,hore!,english,latin
1920,# ( r e[,english,latin
1921,h o r e,english,latin
1922,h ( r n i e s t,english,latin
1923,hornies*@,english,latin
1924,horn!e$*,english,latin
1925,#orniest,english,latin
1926,h o r n i e s t,english,latin
1927,h oo r n y,english,latin
1928,h o r n y,english,latin
1929,h(rny@,english,latin
1930,h ( rr n y,english,latin
1931,ho*s%x,english,latin
1932,h o t s e x.,english,latin
1933,#otsex%,english,latin
1934,#otsex?,english,latin
1935,ho**sex,english,latin
1936,"ja,k-off)",english,latin
1937,j @ c k - ( f f,english,latin
1938,j a c k o f f^,english,latin
1939,j @@ c ; o f f*,english,latin
1940,j@ck(ff,english,latin
1941,j a c k o f f#,english,latin
1942,j a  c ; o ^ f?,english,latin
1943,jap],english,latin
1944,j @ p,english,latin
1945,j a p>,english,latin
1946,jerk-o^f:,english,latin
1947,j e r ; - o f f:,english,latin
1948,j e r k - o f f,english,latin
1949,j h a a n t-,hindi,latin
1950,j h @ a n t,hindi,latin
1951,jhaaant,hindi,latin
1952,jh@@ant,hindi,latin
1953,jj i g o l o,hindi,latin
1954,j!g(lo,hindi,latin
1955,j i g o l o,hindi,latin
1956,jigollo,hindi,latin
1957,j i s  m,english,latin
1958,jism},english,latin
1959,jism<,english,latin
1960,j i $ m;,english,latin
1961,jiz_,english,latin
1962,j i z,english,latin
1963,j!z+,english,latin
1964,j i z m,english,latin
1965,j ! z m#,english,latin
1966,j i z m:,english,latin
1967,j  i z m,english,latin
1968,j i z z^,english,latin
1969,j i z z,english,latin
1970,jizz<,english,latin
1971,k a m i n a,hindi,latin
1972,k@minaa;,hindi,latin
1973,; a m i n a_,hindi,latin
1974,kamiini#,hindi,latin
1975,kk@mini,hindi,latin
1976,k a m i n i,hindi,latin
1977,;amini,hindi,latin
1978,kamini|,hindi,latin
1979,k@wk-,english,latin
1980,;aw;#,english,latin
1981,k a w k$,english,latin
1982,k a w k,english,latin
1983,k n o b,english,latin
1984,k n o  b,english,latin
1985,knobe@d?,english,latin
1986,k n o b e a d*,english,latin
1987,k n o b e a d,english,latin
1988,; n o b e a d,english,latin
1989,knoobead,english,latin
1990,k n (( b % d*,english,latin
1991,k n ( b e d,english,latin
1992,k n ( b e  d,english,latin
1993,knoobend<,english,latin
1994,k n o b e n d,english,latin
1995,; n ( b e n d,english,latin
1996,k n o b # e a d*,english,latin
1997,knobh%ad,english,latin
1998,k n o b h e @ d,english,latin
1999,;nobhead=,english,latin
2000,;nobhead,english,latin
2001,k nn o b j o c k y,english,latin
2002,k n o b j oo c k y,english,latin
2003,k n ( b j o c k y[,english,latin
2004,;nobjok%y,english,latin
2005,k n o b j o k e y,english,latin
2006,kk n o b j o k e y,english,latin
2007,; n o b j o k e y,english,latin
2008,k(ck,english,latin
2009,"ko,k",english,latin
2010,"ko,k?",english,latin
2011,k ( c k!,english,latin
2012,k(ndum,english,latin
2013,k ( n d uu m,english,latin
2014,k ( n d u m,english,latin
2015,kond_m_,english,latin
2016,k o n d u m s,english,latin
2017,;ondums),english,latin
2018,kondum$,english,latin
2019,kkondum$,english,latin
2020,kuum{,english,latin
2021,k uu m,english,latin
2022,k _  m!,english,latin
2023,;ummer|,english,latin
2024,kummeer*,english,latin
2025,kummer$,english,latin
2026,kumm%r#,english,latin
2027,k u m m i n g&,english,latin
2028,;umming,english,latin
2029,k_mming,english,latin
2030,kummming,english,latin
2031,k_mmming,english,latin
2032,;ums,english,latin
2033,kum$,english,latin
2034,k _ n ! l i n g u s,english,latin
2035,k _ n i l i n g u s,english,latin
2036,k_n!lingus),english,latin
2037,kunilinggu$>,english,latin
2038,k u n i l i n g u s,english,latin
2039,kutte k! zat,hindi,latin
2040,;utte k! zat,hindi,latin
2041,; u t t e   k i   z a t,hindi,latin
2042,kutt% ki zat,hindi,latin
2043,k u t t e   k i   z  a t,hindi,latin
2044,"l3i+cch,",english,latin
2045,l 3 i + c h,english,latin
2046,l3!+ch,english,latin
2047,l3itc#:,english,latin
2048,l 3 i t c h,english,latin
2049,"l3it,,##",english,latin
2050,l3i**ch,english,latin
2051,l3itch%,english,latin
2052,l a b ! a?,english,latin
2053,lab!a,english,latin
2054,l a b i a,english,latin
2055,l a n  d,hindi,latin
2056,l a n d*,hindi,latin
2057,lland marike#,hindi,latin
2058,l a n d   m a r i ; e,hindi,latin
2059,land maarike,hindi,latin
2060,land marikke,hindi,latin
2061,lavda@,hindi,latin
2062,l @@ v d a,hindi,latin
2063,l  a v d a,hindi,latin
2064,lavda&,hindi,latin
2065,lavda_,hindi,latin
2066,l @ v d a,hindi,latin
2067,l a w d a.,hindi,latin
2068,l a w d a,hindi,latin
2069,lawdda,hindi,latin
2070,l@wd@,hindi,latin
2071,lmf@(#,english,latin
2072,l m f a (,english,latin
2073,l m f a o,english,latin
2074,l  m f a o,english,latin
2075,lodda,hindi,latin
2076,lod@>,hindi,latin
2077,l(da.,hindi,latin
2078,l o d a,hindi,latin
2079,l(d@,hindi,latin
2080,l o d a#,hindi,latin
2081,lomdi ki a_laad[,hindi,latin
2082,lomdi ki @_lad#,hindi,latin
2083,lomd! ki a_lad,hindi,latin
2084,lommd! ki a_lad,hindi,latin
2085,l ( m d !   k i   a u l a d@,hindi,latin
2086,lommdi ki z@t,hindi,latin
2087,l o m d i   k i   z a t#,hindi,latin
2088,lunnd=,hindi,latin
2089,l u n d,hindi,latin
2090,l uu n d!,hindi,latin
2091,lund},hindi,latin
2092,llund,hindi,latin
2093,l _ n d w a,hindi,latin
2094,lunddw@,hindi,latin
2095,l u n d w a,hindi,latin
2096,l_st,english,latin
2097,l u s t,english,latin
2098,lu$t%,english,latin
2099,l _ s t,english,latin
2100,l u s t ! n  g,english,latin
2101,lus*ing,english,latin
2102,m 0 f 0,english,latin
2103,m  0 f 0,english,latin
2104,m0ff(,english,latin
2105,m  0 f (?,english,latin
2106,m 0 f o,english,latin
2107,m0fo^,english,latin
2108,m45*erbate,english,latin
2109,m 4 5 t % r b a t e:,english,latin
2110,m 4 5 t e r b a t e],english,latin
2111,m 4 5 t e r b a t e,english,latin
2112,m a 5 t e r b 8,english,latin
2113,m@5terb8,english,latin
2114,ma5terb8?,english,latin
2115,m@5terbate,english,latin
2116,m a 5 t % r b a t %,english,latin
2117,ma5terbate{,english,latin
2118,ma5terbatte},english,latin
2119,m@rana,hindi,latin
2120,marana+,hindi,latin
2121,marana$,hindi,latin
2122,m a r a n a,hindi,latin
2123,m a r a n %<,hindi,latin
2124,m a r a n e,hindi,latin
2125,m a r a n i,hindi,latin
2126,m@rani,hindi,latin
2127,m @ r a n i+,hindi,latin
2128,m@rani&,hindi,latin
2129,masoc#ist,english,latin
2130,"maso,hist",english,latin
2131,m a s o c h i s t>,english,latin
2132,"ma$o,hist",english,latin
2133,"m a s o , h ! s t",english,latin
2134,m a s t e r - b a t e,english,latin
2135,mastter-bate,english,latin
2136,m @ s t e r - b a t e,english,latin
2137,ma$ter-bate,english,latin
2138,master-baate,english,latin
2139,m @ s t e r b 8,english,latin
2140,m@steerb8,english,latin
2141,mas*%rb8:,english,latin
2142,masterb8<,english,latin
2143,m@sterb8,english,latin
2144,mmasterbat*_,english,latin
2145,masterbat*],english,latin
2146,ma$terbat*,english,latin
2147,m@sterbat*,english,latin
2148,m@st%rb@t*,english,latin
2149,mast%%rbat3,english,latin
2150,m a s t e r b a t 3,english,latin
2151,m a s * e r b a * 3;,english,latin
2152,m a $ t e r b a t 3?,english,latin
2153,masterbatte,english,latin
2154,m @ ss t e r b a t e,english,latin
2155,m a s t e r b a t  e?,english,latin
2156,m@sterbate,english,latin
2157,m a $ t e r b a t i  ( n,english,latin
2158,mas*erbation,english,latin
2159,m a s * e r b a t i ( n,english,latin
2160,m a s t e r  b a t i o n},english,latin
2161,m@steerbations,english,latin
2162,m a s t % r b a t i o n s&,english,latin
2163,m a s t % r b a t i ( n s],english,latin
2164,m a s t e r b a t ! ( n s,english,latin
2165,m a $ t u r b a t e,english,latin
2166,m @ s t _ r b a t e@,english,latin
2167,m a s * u r b a * e,english,latin
2168,mendh@k ki aulad[,hindi,latin
2169,m e n d h a k   k !   a u l a d,hindi,latin
2170,mendhak k! aulad,hindi,latin
2171,m e n d h a k   k i   a u l a d,hindi,latin
2172,m%ndha; ki zat!,hindi,latin
2173,m e n d h a k   k i   z a t[,hindi,latin
2174,mendha; ki zat,hindi,latin
2175,mendh@; ki zat,hindi,latin
2176,m o - f o[,english,latin
2177,mo-^o,english,latin
2178,m o - ^ o,english,latin
2179,m o - f o>,english,latin
2180,m o f 0?,english,latin
2181,m o f 0[,english,latin
2182,m(fo,english,latin
2183,m o f o,english,latin
2184,"m o f o,",english,latin
2185,m ( ff o,english,latin
2186,mot#afuck|,english,latin
2187,mot#@fuck[,english,latin
2188,mothafuc;,english,latin
2189,mmothafuck,english,latin
2190,"mothafu,k",english,latin
2191,mothafuc;a&,english,latin
2192,"mo*ha^u,ka",english,latin
2193,m o t h @ f u c k a+,english,latin
2194,m o t h a ^ _  c k a,english,latin
2195,"mo*ha^u,kkas",english,latin
2196,m o * # a f u c k a s%,english,latin
2197,m(tthafuc;as,english,latin
2198,mothafucka$%,english,latin
2199,"motha^uckas,",english,latin
2200,mothaf_ckaz),english,latin
2201,"mot#afu,kaz",english,latin
2202,m o * h a f u c k a z,english,latin
2203,m ( t # @ f u c k a z,english,latin
2204,motha^uckaz+,english,latin
2205,"m o t h a ^ u , k e d",english,latin
2206,"m(*hafu,ked",english,latin
2207,m o * h a f u c k e d,english,latin
2208,m o t h a f u c ; e d,english,latin
2209,mott#af_cked,english,latin
2210,mot#af_ckker,english,latin
2211,m o * h a f u c k e r,english,latin
2212,mm o t h a f u c k e r:,english,latin
2213,m o t h a f u c ; e r,english,latin
2214,mot#@f_cker,english,latin
2215,mmothafuc;ers,english,latin
2216,mo*haf_ck%rs,english,latin
2217,motha^ucker$,english,latin
2218,m o t h a f u c k e r s,english,latin
2219,m o * h a f u c k % r s,english,latin
2220,mothafuck!n?,english,latin
2221,"m o t h @ f u , k i n",english,latin
2222,mo*hafuckin-,english,latin
2223,moth@fuckin>,english,latin
2224,m o t # a f u c k ! n+,english,latin
2225,m o t h a ^ u c ; ! n g,english,latin
2226,m o t h a ^ u c ; i n g,english,latin
2227,m o * # a f u c  k i n g,english,latin
2228,mothafuc;ing,english,latin
2229,"mothaf_,;ing",english,latin
2230,m(thafucking$;,english,latin
2231,m ( * h a f u c ; i n g s.,english,latin
2232,m o t h a f u c k i n g $,english,latin
2233,mothafuc;ings,english,latin
2234,mo*#@fuckings,english,latin
2235,m o t # a f u c k s,english,latin
2236,m o t # @ f u c k s,english,latin
2237,m ( * # a f u c k s},english,latin
2238,m o t # a ^ u c ; s,english,latin
2239,"m ( t h @ f u c k s,",english,latin
2240,m(*her fucker,english,latin
2241,m ( t # e r   f u c k e r,english,latin
2242,m o * h e r   f u c k e r,english,latin
2243,m o * # e r   ^ u c k e  r},english,latin
2244,"mot#er fu,keer",english,latin
2245,m o * h e r f u c ;.,english,latin
2246,m ( t h e r f uu c k,english,latin
2247,m o t # e r f _ c k&,english,latin
2248,m(th%rfuck,english,latin
2249,m o * h e r f _ c k,english,latin
2250,mot#erfuccked,english,latin
2251,mother^uucked<,english,latin
2252,"m(ther^u,ked",english,latin
2253,mo*herfucked,english,latin
2254,m(therfuc;ed:,english,latin
2255,m o t h e r ff _ c ; e r,english,latin
2256,moth%r^ucker,english,latin
2257,motherf_cker,english,latin
2258,m o t h % r f u c k e r,english,latin
2259,m o * h e r f u c k e r,english,latin
2260,motherfuc;ers:,english,latin
2261,m(therfuckers},english,latin
2262,m o t h e r f u c k e r $,english,latin
2263,motherfuc;ers,english,latin
2264,moth%rfucker$|,english,latin
2265,m o t # e r f u c k ! n,english,latin
2266,"m o t h e r f u , k ! n",english,latin
2267,mootherfuc;in<,english,latin
2268,mot#erfuc;in!,english,latin
2269,moth%rfuckin,english,latin
2270,"mot#erfu,king>",english,latin
2271,mother^uck!ng,english,latin
2272,m o t # e r ^ _ c k i n g^,english,latin
2273,m o t h e r f u c k i n g,english,latin
2274,m o t # e r f u c k i n  g,english,latin
2275,m o * h e r f u c k i n g $,english,latin
2276,m o t h e r f u c k i n g s,english,latin
2277,mother^uckingg$,english,latin
2278,motherf_ckings,english,latin
2279,m o t h % r f u c k k a,english,latin
2280,motherfuckka:,english,latin
2281,"m o t # e r f u , k k a)",english,latin
2282,m ( t # e r f u c k k a,english,latin
2283,motther^uckka,english,latin
2284,m o t # e r ^ _ c k s,english,latin
2285,"mot#erfucks,",english,latin
2286,m o t h e r f u c ; s_,english,latin
2287,motherfuc;s,english,latin
2288,mot#%rffucks@,english,latin
2289,muff),english,latin
2290,mufff!,english,latin
2291,m_^f,english,latin
2292,muth marna=,hindi,latin
2293,m u t #   m a r n a,hindi,latin
2294,muthh marna,hindi,latin
2295,m u t h   m a r n aa#,hindi,latin
2296,m_th mmarna#,hindi,latin
2297,m u * h a|,english,latin
2298,m _ t h a,english,latin
2299,mu*#a,english,latin
2300,m u t h @,english,latin
2301,m u t h @ f e cc k e r?,english,latin
2302,"m u t # a f e , k e r(",english,latin
2303,m u t # a f e c k e r,english,latin
2304,m u t # a f % c ; e r,english,latin
2305,mutha^ecker,english,latin
2306,mu*haffuckker,english,latin
2307,m _ * h a f u c k k e r,english,latin
2308,m _ t # a f u c k k e r&,english,latin
2309,mmuth@fuckker,english,latin
2310,"m uu t h a f u , k k e r",english,latin
2311,mut#%r,english,latin
2312,mu*her,english,latin
2313,m u t h e r?,english,latin
2314,m u t h e r ^ u c k  e r],english,latin
2315,m u * h e r ^ u c k e r,english,latin
2316,mut#erfucker,english,latin
2317,mutherfuckeer?,english,latin
2318,"m u t h % r f u , k e r",english,latin
2319,muthi;,hindi,latin
2320,m u t h i,hindi,latin
2321,mm u t # !],hindi,latin
2322,mutthi,hindi,latin
2323,muttth@l,hindi,latin
2324,m_tthal,hindi,latin
2325,mutth@l@,hindi,latin
2326,m_tthal$,hindi,latin
2327,n 1 g g a,english,latin
2328,n1gg@,english,latin
2329,n1gger=,english,latin
2330,n1gger;,english,latin
2331,n 1 g g e r,english,latin
2332,n a z !$,english,latin
2333,naz!,english,latin
2334,n a z i,english,latin
2335,n i g g 3 r=,english,latin
2336,nn i g g 3 r,english,latin
2337,n i g g 4 #<,english,latin
2338,nigg4#,english,latin
2339,nigg44h;,english,latin
2340,nn ! g g 4 h,english,latin
2341,n!gg4#,english,latin
2342,n ! g g a,english,latin
2343,nigg@,english,latin
2344,n i g  g @,english,latin
2345,n i g g @,english,latin
2346,n i g g @ h;,english,latin
2347,n i g g @ h,english,latin
2348,niiggah,english,latin
2349,n i g g aa #,english,latin
2350,nigg@h^,english,latin
2351,niggas],english,latin
2352,n i g g a s,english,latin
2353,nigga$,english,latin
2354,n i g g @ s,english,latin
2355,n i gg g @ s,english,latin
2356,niggaz.,english,latin
2357,n i g g a z,english,latin
2358,n i g g a z!,english,latin
2359,nnigg@z,english,latin
2360,n i g g e r,english,latin
2361,n ! g g e r,english,latin
2362,n!gger,english,latin
2363,nigger$-,english,latin
2364,n i g g e r s#,english,latin
2365,niggg%r$,english,latin
2366,n o  b,english,latin
2367,n o b,english,latin
2368,nob jok%y,english,latin
2369,nob jookey,english,latin
2370,n o b   j o k % y,english,latin
2371,n o b   j oo k e y,english,latin
2372,n ( b # e a d,english,latin
2373,n o b h ee @ d,english,latin
2374,nob#e@d,english,latin
2375,nob#e@d#,english,latin
2376,nobhead^,english,latin
2377,"n(bjo,ky}",english,latin
2378,"nobjo,ky",english,latin
2379,n o b j o c ; y],english,latin
2380,nnobjocky),english,latin
2381,nobjok%y(,english,latin
2382,nobjo;ey#,english,latin
2383,nobjokey?,english,latin
2384,numbnut$,english,latin
2385,n _ m b n u t s,english,latin
2386,n _ m b n u t $,english,latin
2387,n u m b n u t s,english,latin
2388,n u t s a c k,english,latin
2389,"n u t s a c k,",english,latin
2390,n u * ss a c k,english,latin
2391,nu*sac;,english,latin
2392,o r g a s i m<,english,latin
2393,( r g a $ i m$,english,latin
2394,(rgasim,english,latin
2395,o r g a $ i m s,english,latin
2396,o r g a s i  m s(,english,latin
2397,orga$iims!,english,latin
2398,o r g a s ! m s,english,latin
2399,( r g a s m,english,latin
2400,o r g a s m,english,latin
2401,(rgasmm(,english,latin
2402,o r g @ s m s,english,latin
2403,orgassms,english,latin
2404,org@sms},english,latin
2405,o r g a s m s{,english,latin
2406,p 0 r n,english,latin
2407,p0rn],english,latin
2408,p  0 r n_,english,latin
2409,p00rn,english,latin
2410,p 0 r n<,english,latin
2411,p @ w n,english,latin
2412,p a w n,english,latin
2413,p a ww n,english,latin
2414,pawn;,english,latin
2415,"pe,;er]",english,latin
2416,peckker,english,latin
2417,"p % c k % r,",english,latin
2418,pen!s],english,latin
2419,p e n i $,english,latin
2420,p e n i s,english,latin
2421,p e n ! s+,english,latin
2422,p e n ii s,english,latin
2423,penisfuc;er,english,latin
2424,penisfuckerr-,english,latin
2425,penisfuc;er#,english,latin
2426,p e n i s f u c k e r,english,latin
2427,p h o n e $ e x,english,latin
2428,p ## o n e s e x,english,latin
2429,p h o n % s e x*,english,latin
2430,ph(nesex,english,latin
2431,"ph_,k",english,latin
2432,ph_ck,english,latin
2433,p h _  c ;,english,latin
2434,phuc;,english,latin
2435,p # u k:,english,latin
2436,p h u k,english,latin
2437,phhuk,english,latin
2438,p # u k,english,latin
2439,p # u ;,english,latin
2440,p#uked,english,latin
2441,phuked:,english,latin
2442,p h u k e d?,english,latin
2443,p h u  k e d,english,latin
2444,phu;ed,english,latin
2445,ph_king,english,latin
2446,p h u k i n g&,english,latin
2447,phu;ing,english,latin
2448,p h u k i n g,english,latin
2449,ph_kked,english,latin
2450,p#ukked,english,latin
2451,p  h u k k i n g<,english,latin
2452,p # u ; k i n g,english,latin
2453,p h _ k k i n g,english,latin
2454,phukking^,english,latin
2455,phukks,english,latin
2456,p#uks,english,latin
2457,p h u k s,english,latin
2458,p h u q,english,latin
2459,pphuq,english,latin
2460,p h _ q,english,latin
2461,pigfuck%r,english,latin
2462,"pig^u,ker",english,latin
2463,pigfuucker,english,latin
2464,pigf_cker,english,latin
2465,pigfuckk%r,english,latin
2466,p i m p i s,english,latin
2467,p!!mpis-,english,latin
2468,p i m p i s},english,latin
2469,piss},english,latin
2470,p!ss,english,latin
2471,p ! $ $,english,latin
2472,p i s s,english,latin
2473,p!ssed,english,latin
2474,pissed#,english,latin
2475,p i  s s % d,english,latin
2476,p i s s e d,english,latin
2477,p!ssed@,english,latin
2478,p i s s e r,english,latin
2479,pisseer%,english,latin
2480,p i s s e r.,english,latin
2481,p i $ s % r s,english,latin
2482,p i s s e r s,english,latin
2483,pissers;,english,latin
2484,p ! s s e r s@,english,latin
2485,"p i s s  e s,",english,latin
2486,p i s s e s[,english,latin
2487,p i s s e s,english,latin
2488,pisses:,english,latin
2489,piss^laaps,english,latin
2490,p i s s ^ l @ p s#,english,latin
2491,pissfl@ps,english,latin
2492,pissflaps_,english,latin
2493,p!$sflaps,english,latin
2494,p ! s s i n,english,latin
2495,p i s ss i n,english,latin
2496,p i s s i n$,english,latin
2497,pii$sin[,english,latin
2498,pii$sin,english,latin
2499,p ! s s i n g,english,latin
2500,p i s s i n g,english,latin
2501,pi$sinng,english,latin
2502,p!ssing,english,latin
2503,p!ssoff,english,latin
2504,"pi$soff,",english,latin
2505,pii$soff&,english,latin
2506,piss(fff@,english,latin
2507,p o o p,english,latin
2508,p o o p#,english,latin
2509,poop<,english,latin
2510,p o r n$,english,latin
2511,p o r n,english,latin
2512,p(rn,english,latin
2513,porno[,english,latin
2514,p  o r n o,english,latin
2515,p o r n o,english,latin
2516,pornography?,english,latin
2517,p o r n o g r a p # y.,english,latin
2518,p ( r n o g r a p h y:,english,latin
2519,p o r n oo s,english,latin
2520,p(rn(s,english,latin
2521,p ( r n o s,english,latin
2522,p r i c kk%,english,latin
2523,p r i c k,english,latin
2524,p r i c ;,english,latin
2525,pprick%,english,latin
2526,pr!cks,english,latin
2527,p r ! c k s,english,latin
2528,priccks&,english,latin
2529,prick$,english,latin
2530,p r i c k s;,english,latin
2531,ppron:,english,latin
2532,p r  ( n],english,latin
2533,p r o n:,english,latin
2534,p u b  %-,english,latin
2535,ppub%,english,latin
2536,p u  b e,english,latin
2537,p u b e,english,latin
2538,p uu s s e?,english,latin
2539,ppuss%,english,latin
2540,p u ss s e,english,latin
2541,pu$se,english,latin
2542,p u s s !,english,latin
2543,p u ss s !,english,latin
2544,p_ssi,english,latin
2545,p u s s i e s?,english,latin
2546,puussi%s,english,latin
2547,p u $ s i e s,english,latin
2548,pussies>,english,latin
2549,pusssy.,english,latin
2550,pussy#,english,latin
2551,p _ s s y s,english,latin
2552,p u $ s y s,english,latin
2553,p u s s y s,english,latin
2554,r a a n d!,hindi,latin
2555,raand+,hindi,latin
2556,rand:,hindi,latin
2557,r aa n d&,hindi,latin
2558,rand],hindi,latin
2559,r@nnd#wa,hindi,latin
2560,r a n d h w a?,hindi,latin
2561,r a n d i,hindi,latin
2562,r@ndi_,hindi,latin
2563,randibazaar],hindi,latin
2564,r @ n d i b a z a a r,hindi,latin
2565,rand!bazaar^,hindi,latin
2566,rand!bazaar@,hindi,latin
2567,r a n d i b a z a r.,hindi,latin
2568,randibazar_,hindi,latin
2569,r a n d ! b a z a r,hindi,latin
2570,r@ndibazar*,hindi,latin
2571,r @ n d  w a+,hindi,latin
2572,r a n d w a,hindi,latin
2573,randwwa,hindi,latin
2574,r%ctuum,english,latin
2575,rec*um,english,latin
2576,rectum|,english,latin
2577,rectum},english,latin
2578,r e t a r d,english,latin
2579,r % t a r d,english,latin
2580,rimjaw{,english,latin
2581,rimjaw(,english,latin
2582,rimj@w,english,latin
2583,r!mjaw,english,latin
2584,r i m j a w,english,latin
2585,rimmming=,english,latin
2586,r!mminng,english,latin
2587,rimming],english,latin
2588,rimming),english,latin
2589,rimmiing,english,latin
2590,s   h ii t,english,latin
2591,s   h i t_,english,latin
2592,$ hit,english,latin
2593,ss.o.b.,english,latin
2594,$ . o . b .@,english,latin
2595,$.o.b.,english,latin
2596,s . o .. b .,english,latin
2597,s_h_!_t,english,latin
2598,s_h__i_t,english,latin
2599,$ _ h _ i _ t^,english,latin
2600,$_h_i_t,english,latin
2601,s _ h _ i _ t%,english,latin
2602,$adist],english,latin
2603,sadiist,english,latin
2604,s@ddist,english,latin
2605,$ a d i s t-,english,latin
2606,"s,hlong",english,latin
2607,"s,hlong$",english,latin
2608,s c h l o n g&,english,latin
2609,screwiing;,english,latin
2610,scr%w!ng,english,latin
2611,screwing=,english,latin
2612,screewing,english,latin
2613,scr%wing],english,latin
2614,"s,roat",english,latin
2615,scroa*,english,latin
2616,$cr(at_,english,latin
2617,"$ ,  r o a t}",english,latin
2618,$$cro@t,english,latin
2619,s c r o t e>,english,latin
2620,scrote?,english,latin
2621,scrote#,english,latin
2622,"s , r o t e",english,latin
2623,$ c r  o t _ m,english,latin
2624,s c r o t u m?,english,latin
2625,$crotum,english,latin
2626,$emen-,english,latin
2627,s % m e n,english,latin
2628,$emen,english,latin
2629,semen{,english,latin
2630,sexx{,english,latin
2631,seex#,english,latin
2632,s  e x{,english,latin
2633,$ex],english,latin
2634,$hh!+!,english,latin
2635,ssh!+,english,latin
2636,s h ! +,english,latin
2637,s h ! +*,english,latin
2638,sh!t*,english,latin
2639,ss h ! *(,english,latin
2640,s hh ! t,english,latin
2641,s h ! t|,english,latin
2642,$ h ! *>,english,latin
2643,s # 1 t,english,latin
2644,sh1*,english,latin
2645,$ # 1 t,english,latin
2646,sh1t),english,latin
2647,s h 1 t,english,latin
2648,shag$,english,latin
2649,s h aa g?,english,latin
2650,s h a  g*,english,latin
2651,s h a g,english,latin
2652,s h @ g gg % r,english,latin
2653,s h a g g % r,english,latin
2654,s#agger,english,latin
2655,$ h @ g g e r>,english,latin
2656,s h @ g g i n,english,latin
2657,$haggin,english,latin
2658,s # a g g i n,english,latin
2659,sh@gging,english,latin
2660,s##agging,english,latin
2661,s h a g g i  n g,english,latin
2662,"shaagging,",english,latin
2663,sh%male,english,latin
2664,sheemale,english,latin
2665,s h e m a l e>,english,latin
2666,$hi+!,english,latin
2667,s h i +,english,latin
2668,s h i t,english,latin
2669,s#it,english,latin
2670,s#!t,english,latin
2671,shit?,english,latin
2672,s h i t d i c k],english,latin
2673,s h ! t d ! c  k,english,latin
2674,"s # i t d i , k",english,latin
2675,sh!!tdick,english,latin
2676,s h i t d i c ;,english,latin
2677,shi*e,english,latin
2678,s h i t e,english,latin
2679,s#ite,english,latin
2680,sh!te,english,latin
2681,s # i t %},english,latin
2682,$ h !! t e d,english,latin
2683,shited?,english,latin
2684,$hit%d,english,latin
2685,s#!ted-,english,latin
2686,s h i t e d],english,latin
2687,shit%y,english,latin
2688,s h i t % y,english,latin
2689,shit%%y],english,latin
2690,shitey:,english,latin
2691,s h i t f u c k,english,latin
2692,sh!t^ucck,english,latin
2693,"s h i t f u , k#",english,latin
2694,s  h i t f u l l{,english,latin
2695,s h i t f u l l,english,latin
2696,s h i t ^ _ l l,english,latin
2697,$hitfull,english,latin
2698,s # i * f u l l{,english,latin
2699,s#ithe@d_,english,latin
2700,s h ! t h e a d,english,latin
2701,s hh i t h e a d!,english,latin
2702,$#!thead,english,latin
2703,s#!ting,english,latin
2704,$hiting,english,latin
2705,s#iting,english,latin
2706,s h ! t ! n g,english,latin
2707,s#!tings$,english,latin
2708,s hh i t i n g s?,english,latin
2709,s h i t i n gg s*,english,latin
2710,sh!tings,english,latin
2711,shitts#,english,latin
2712,ss h i t s,english,latin
2713,$ # i t s,english,latin
2714,s h ! t t e d,english,latin
2715,shitt%d,english,latin
2716,$hitted,english,latin
2717,s h i t t % d!,english,latin
2718,shitt%r,english,latin
2719,$hiitter,english,latin
2720,s h i * t e r,english,latin
2721,sh!tter<,english,latin
2722,shitt%rs,english,latin
2723,s#i*t%rs,english,latin
2724,$hitters{,english,latin
2725,shitt%rs$,english,latin
2726,s h i t t e r s|,english,latin
2727,s # ! * t i n g,english,latin
2728,s h i t t i n g,english,latin
2729,$ h i t t i n g,english,latin
2730,s h ! * t ii n g s,english,latin
2731,s h ! * t i n g s,english,latin
2732,$hi*tings],english,latin
2733,s#ittings,english,latin
2734,s h i * t i n g s|,english,latin
2735,s h i t t y,english,latin
2736,s  # i t t y,english,latin
2737,s #  i t t y^,english,latin
2738,$hi*ty,english,latin
2739,shi*ty,english,latin
2740,s k a n k,english,latin
2741,skkank,english,latin
2742,skank[,english,latin
2743,s k @ n k>,english,latin
2744,sslut,english,latin
2745,s l u t#,english,latin
2746,s l u t,english,latin
2747,slu*,english,latin
2748,ss l u t s),english,latin
2749,slutts,english,latin
2750,s l  _ t s;,english,latin
2751,s m e g m a,english,latin
2752,$ m e g m a&,english,latin
2753,sm%%gma;,english,latin
2754,ssmut,english,latin
2755,sm_t,english,latin
2756,s m u t,english,latin
2757,$muut,english,latin
2758,$ n a * c hh[,english,latin
2759,s n a t c #,english,latin
2760,s n a t c h,english,latin
2761,"s n a t , h",english,latin
2762,$on-of-a-bitch,english,latin
2763,$ o n - o f - a - b i t c h,english,latin
2764,"s p a ,",english,latin
2765,$ p a c,english,latin
2766,sp@c,english,latin
2767,s p a cc&,english,latin
2768,s p  u n k,english,latin
2769,s p u n k,english,latin
2770,sp_nk#,english,latin
2771,ssp_nk(,english,latin
2772,s p u n ;,english,latin
2773,suar ;! aulad?,hindi,latin
2774,suar ;i aulad,hindi,latin
2775,s u a r   k i   a u l a d,hindi,latin
2776,suuar ki aulad,hindi,latin
2777,s u @ r   ; i   a u l a d,hindi,latin
2778,$ u a r   k i   z a *,hindi,latin
2779,su@r k! zat*,hindi,latin
2780,s_ar ;i zat,hindi,latin
2781,suar  ki zat,hindi,latin
2782,t 1 t t 1 e 5,english,latin
2783,t1tt1e5:,english,latin
2784,t1tt1ee5,english,latin
2785,t1tti%%s,english,latin
2786,t 1 t t i e s,english,latin
2787,t 1 t t i e s;,english,latin
2788,t 1 t t ! e s,english,latin
2789,t1ttie$<,english,latin
2790,* a ;  k e,hindi,latin
2791,t a ; k e^,hindi,latin
2792,takke?,hindi,latin
2793,t  @ k k e,hindi,latin
2794,t a t t %,hindi,latin
2795,t  a t t e<,hindi,latin
2796,t a t t e,hindi,latin
2797,tatt!.,hindi,latin
2798,taatt!,hindi,latin
2799,t a t  t i,hindi,latin
2800,tatti<,hindi,latin
2801,* e e t s,english,latin
2802,t e e tt s,english,latin
2803,t e e t s},english,latin
2804,t e e t  $,english,latin
2805,t e e  z,english,latin
2806,t % e z,english,latin
2807,*eez,english,latin
2808,t % s t i c a l,english,latin
2809,te$tic@@l,english,latin
2810,"testi,al%",english,latin
2811,teestical,english,latin
2812,t%stical,english,latin
2813,t e s t i c l e,english,latin
2814,*e$ticle,english,latin
2815,t e $ t ii c l e,english,latin
2816,"testi,le",english,latin
2817,testiccle,english,latin
2818,t ii t,english,latin
2819,tit#,english,latin
2820,* i t f u c k,english,latin
2821,t i t f u  c ;,english,latin
2822,titfuc;@,english,latin
2823,t i t f u c k,english,latin
2824,t i t s,english,latin
2825,*its,english,latin
2826,* i t s:,english,latin
2827,* i t t,english,latin
2828,*ittt,english,latin
2829,titt>,english,latin
2830,*i*t[,english,latin
2831,t!tt,english,latin
2832,t i t t i e 5,english,latin
2833,tittiie5,english,latin
2834,* i t t i % 5,english,latin
2835,t i t  t i % 5,english,latin
2836,*ittti%fucker,english,latin
2837,* i t t i e f u c k e r!,english,latin
2838,t i t t i e f _ c ; e r],english,latin
2839,t!ttie$#,english,latin
2840,** i t t i e s,english,latin
2841,t ! t t i e s,english,latin
2842,* i t t i e s,english,latin
2843,*itties,english,latin
2844,t ! t t y ^ u c k,english,latin
2845,t i t t y f _ c k,english,latin
2846,* i t t y f u c k,english,latin
2847,"t!ttyfu,k)",english,latin
2848,tittyfuck=,english,latin
2849,* i t t y w a n k,english,latin
2850,tittyw@nk,english,latin
2851,t!ttywan;,english,latin
2852,tittywan;,english,latin
2853,t ! t w a n ;),english,latin
2854,t i t w a n k,english,latin
2855,tt i t w a n k#,english,latin
2856,t o s s e r,english,latin
2857,toss%r|,english,latin
2858,to$ser,english,latin
2859,t o  s s e r,english,latin
2860,t o s s  e r!,english,latin
2861,turd{,english,latin
2862,t u r d,english,latin
2863,t_rd,english,latin
2864,t w 4  t,english,latin
2865,*w44t+,english,latin
2866,*wat<,english,latin
2867,twat?,english,latin
2868,tw@t,english,latin
2869,*wat,english,latin
2870,* w @ t,english,latin
2871,t w a t h e a d,english,latin
2872,twathead-,english,latin
2873,t w a t h e a d},english,latin
2874,twat#%ad(,english,latin
2875,twath%ad,english,latin
2876,*watty,english,latin
2877,twatty?,english,latin
2878,*watty(,english,latin
2879,t w a t t y,english,latin
2880,tw_nt,english,latin
2881,*wwunt,english,latin
2882,*wunt,english,latin
2883,* w u n t,english,latin
2884,twuunter,english,latin
2885,t w u n t e r,english,latin
2886,ullu  ;i aulad,hindi,latin
2887,ullu ;i  aulad,hindi,latin
2888,u l l u   k !   a u l a d,hindi,latin
2889,ullu ki aulad-,hindi,latin
2890,_llu ki aulad,hindi,latin
2891,ullu k! zat,hindi,latin
2892,_llu ki zat,hindi,latin
2893,_llu ki zat],hindi,latin
2894,u l l u   k i   z a t,hindi,latin
2895,v 1 4 g r a,english,latin
2896,v14gra@,english,latin
2897,v 1 g r a;,english,latin
2898,v 1 g r a,english,latin
2899,v 1 g r  a{,english,latin
2900,v 1 g r aa&,english,latin
2901,v a g i n a+,english,latin
2902,vagina*,english,latin
2903,v a g i n a,english,latin
2904,v a g ! n a,english,latin
2905,v i a g r a$,english,latin
2906,v ! a g r a],english,latin
2907,viagra@,english,latin
2908,v_lva,english,latin
2909,v u l v @,english,latin
2910,v u l v a$,english,latin
2911,v u l v a(,english,latin
2912,w00$e,english,latin
2913,w 0 0 s e,english,latin
2914,ww00se+,english,latin
2915,w 0 0 $ e,english,latin
2916,wang%,english,latin
2917,waang,english,latin
2918,w a n g,english,latin
2919,w a n k{,english,latin
2920,wan;<,english,latin
2921,w a n k-,english,latin
2922,w @ n k:,english,latin
2923,wan;,english,latin
2924,w@nkker,english,latin
2925,wwanker,english,latin
2926,wankker,english,latin
2927,w@nky|,english,latin
2928,w a n k y,english,latin
2929,w a n ;; y,english,latin
2930,wh(ar,english,latin
2931,w h o a r,english,latin
2932,ww h ( a r>,english,latin
2933,w h o r e,english,latin
2934,w # ( r %,english,latin
2935,willi%s,english,latin
2936,w!lllies{,english,latin
2937,willie$,english,latin
2938,w ii l l i e $,english,latin
2939,willy$,english,latin
2940,ww i l l y},english,latin
2941,w i l l y,english,latin
2942,xr@ted,english,latin
2943,xrated>,english,latin
2944,x r a t e d,english,latin
2945,xrated[,english,latin
2946,x r a t e d$,english,latin
2947,x x x,english,latin
2948,  ,hindi,devanagari
2949,  ,hindi,devanagari
2950,  ,hindi,devanagari
2951,  ,hindi,devanagari
2952,  ,hindi,devanagari
2953,  ,hindi,devanagari
2954,  ,hindi,devanagari
2955,  ,hindi,devanagari
2956,  ,hindi,devanagari
2957,  ,hindi,devanagari
2958,  ,hindi,devanagari
2959,  ,hindi,devanagari
2960,  ,hindi,devanagari
2961,  ,hindi,devanagari
2962,  ,hindi,devanagari
2963,  ,hindi,devanagari
2964,  ,hindi,devanagari
2965,  ,hindi,devanagari
2966,  ,hindi,devanagari
2967,  ,hindi,devanagari
2968,  ,hindi,devanagari
2969,,hindi,devanagari
2970,,hindi,devanagari
2971,,hindi,devanagari
2972,,hindi,devanagari
2973,,hindi,devanagari
2974,,hindi,devanagari
2975,,hindi,devanagari
2976,,hindi,devanagari
2977,,hindi,devanagari
2978,,hindi,devanagari
2979,,hindi,devanagari
2980,,hindi,devanagari
2981,,hindi,devanagari
2982,,hindi,devanagari
2983,,hindi,devanagari
2984,,hindi,devanagari
2985,,hindi,devanagari
2986,,hindi,devanagari
2987,,hindi,devanagari
2988,,hindi,devanagari
2989,,hindi,devanagari
2990,,hindi,devanagari
2991,,hindi,devanagari
2992,,hindi,devanagari
2993,,hindi,devanagari
2994,,hindi,devanagari
2995,,hindi,devanagari
2996,,hindi,devanagari
2997,,hindi,devanagari
2998,,hindi,devanagari
2999,,hindi,devanagari
3000,,hindi,devanagari
3001,,hindi,devanagari
3002, ,hindi,devanagari
3003, ,hindi,devanagari
3004, ,hindi,devanagari
3005,,hindi,devanagari
3006,,hindi,devanagari
3007,,hindi,devanagari
3008,,hindi,devanagari
3009,  ,hindi,devanagari
3010,  ,hindi,devanagari
3011,  ,hindi,devanagari
3012,,hindi,devanagari
3013,,hindi,devanagari
3014,,hindi,devanagari
3015,,hindi,devanagari
3016, ,hindi,devanagari
3017,,hindi,devanagari
3018,,hindi,devanagari
3019,,hindi,devanagari
3020,,hindi,devanagari
3021,,hindi,devanagari
3022,,hindi,devanagari
3023,,hindi,devanagari
3024,,hindi,devanagari
3025,,hindi,devanagari
3026,,hindi,devanagari
3027,,hindi,devanagari
3028,,hindi,devanagari
3029,,hindi,devanagari
3030,,hindi,devanagari
3031,,hindi,devanagari
3032,,hindi,devanagari
3033,,hindi,devanagari
3034,,hindi,devanagari
3035,,hindi,devanagari
3036,,hindi,devanagari
3037, ,hindi,devanagari
3038, ,hindi,devanagari
3039, ,hindi,devanagari
3040, ,hindi,devanagari
3041,,hindi,devanagari
3042, ,hindi,devanagari
3043, ,hindi,devanagari
3044, ,hindi,devanagari
3045, ,hindi,devanagari
3046, ,hindi,devanagari
3047,,hindi,devanagari
3048,,hindi,devanagari
3049,,hindi,devanagari
3050,,hindi,devanagari
3051,,hindi,devanagari
3052,,hindi,devanagari
3053,,hindi,devanagari
3054,,hindi,devanagari
3055,,hindi,devanagari
3056,,hindi,devanagari
3057,,hindi,devanagari
3058,,hindi,devanagari
3059,,hindi,devanagari
3060,,hindi,devanagari
3061,,hindi,devanagari
3062,,hindi,devanagari
3063,,hindi,devanagari
3064,,hindi,devanagari
3065,,hindi,devanagari
3066,,hindi,devanagari
3067,,hindi,devanagari
3068,,hindi,devanagari
3069,,hindi,devanagari
3070,,hindi,devanagari
3071,,hindi,devanagari
3072,,hindi,devanagari
3073,,hindi,devanagari
3074,,hindi,devanagari
3075,,hindi,devanagari
3076,,hindi,devanagari
3077,,hindi,devanagari
3078,,hindi,devanagari
3079,,hindi,devanagari
3080,,hindi,devanagari
3081,   ,hindi,devanagari
3082,  ,hindi,devanagari
3083,   ,hindi,devanagari
3084,   ,hindi,devanagari
3085,  ,hindi,devanagari
3086,  ,hindi,devanagari
3087,   ,hindi,devanagari
3088,   ,hindi,devanagari
3089,   ,hindi,devanagari
3090,  ,hindi,devanagari
3091,  ,hindi,devanagari
3092,   ,hindi,devanagari
3093,  ,hindi,devanagari
3094,  ,hindi,devanagari
3095,  ,hindi,devanagari
3096,  ,hindi,devanagari
3097,  !,hindi,devanagari
3098,   ,hindi,devanagari
3099,   ,hindi,devanagari
3100,   ,hindi,devanagari
3101,   ,hindi,devanagari
3102,   ,hindi,devanagari
3103,  !,hindi,devanagari
3104,   ,hindi,devanagari
3105,  ,hindi,devanagari
3106,   ,hindi,devanagari
3107,  ,hindi,devanagari
3108,   ,hindi,devanagari
3109,   !,hindi,devanagari
3110,   ,hindi,devanagari
3111,  ,hindi,devanagari
3112,   ,hindi,devanagari
3113,  ,hindi,devanagari
3114,  ,hindi,devanagari
3115,   ,hindi,devanagari
3116,   !,hindi,devanagari
3117,   ,hindi,devanagari
3118,   ,hindi,devanagari
3119,  ,hindi,devanagari
3120,   ,hindi,devanagari
3121,  ?,hindi,devanagari
3122,  ,hindi,devanagari
3123,   !,hindi,devanagari
3124,  !,hindi,devanagari
3125,  ,hindi,devanagari
3126,   ?,hindi,devanagari
3127,   ,hindi,devanagari
3128,  ,hindi,devanagari
3129, ,hindi,devanagari
3130, ,hindi,devanagari
3131, ,hindi,devanagari
3132, ,hindi,devanagari
3133,,hindi,devanagari
3134, ,hindi,devanagari
3135, ,hindi,devanagari
3136,,hindi,devanagari
3137, ,hindi,devanagari
3138, ,hindi,devanagari
3139, ,hindi,devanagari
3140, ,hindi,devanagari
3141,,hindi,devanagari
3142,,hindi,devanagari
3143, ,hindi,devanagari
3144,,hindi,devanagari
3145,,hindi,devanagari
3146,,hindi,devanagari
3147,,hindi,devanagari
3148, ,hindi,devanagari
3149, ,hindi,devanagari
3150, ,hindi,devanagari
3151, ,hindi,devanagari
3152,,hindi,devanagari
3153, ,hindi,devanagari
3154, ,hindi,devanagari
3155,,hindi,devanagari
3156,,hindi,devanagari
3157, ,hindi,devanagari
3158,,hindi,devanagari
3159, ,hindi,devanagari
3160, ,hindi,devanagari
3161, ,hindi,devanagari
3162,,hindi,devanagari
3163,,hindi,devanagari
3164,,hindi,devanagari
3165, ,hindi,devanagari
3166, !,hindi,devanagari
3167, ,hindi,devanagari
3168, ,hindi,devanagari
3169, ,hindi,devanagari
3170, !,hindi,devanagari
3171, ,hindi,devanagari
3172, ,hindi,devanagari
3173, !,hindi,devanagari
3174, ,hindi,devanagari
3175, ,hindi,devanagari
3176,!,hindi,devanagari
3177, ,hindi,devanagari
3178, ,hindi,devanagari
3179, ,hindi,devanagari
3180,,hindi,devanagari
3181,,hindi,devanagari
3182, ,hindi,devanagari
3183,,hindi,devanagari
3184,,hindi,devanagari
3185,,hindi,devanagari
3186,,hindi,devanagari
3187, ,hindi,devanagari
3188, ,hindi,devanagari
3189,?,hindi,devanagari
3190,,hindi,devanagari
3191, ,hindi,devanagari
3192,,hindi,devanagari
3193,?,hindi,devanagari
3194, ,hindi,devanagari
3195, ,hindi,devanagari
3196,,hindi,devanagari
3197, ,hindi,devanagari
3198, ,hindi,devanagari
3199, ,hindi,devanagari
3200,,hindi,devanagari
3201,?,hindi,devanagari
3202, ,hindi,devanagari
3203, ,hindi,devanagari
3204, ,hindi,devanagari
3205, ,hindi,devanagari
3206, ,hindi,devanagari
3207, ,hindi,devanagari
3208, ,hindi,devanagari
3209,  ,hindi,devanagari
3210,  ,hindi,devanagari
3211,  !,hindi,devanagari
3212,  ,hindi,devanagari
3213,  ,hindi,devanagari
3214,  ,hindi,devanagari
3215, !,hindi,devanagari
3216,  ,hindi,devanagari
3217,!,hindi,devanagari
3218, ,hindi,devanagari
3219,,hindi,devanagari
3220, ,hindi,devanagari
3221,,hindi,devanagari
3222, ,hindi,devanagari
3223,,hindi,devanagari
3224, ,hindi,devanagari
3225, ?,hindi,devanagari
3226, ,hindi,devanagari
3227, ,hindi,devanagari
3228,,hindi,devanagari
3229,  ,hindi,devanagari
3230,   ,hindi,devanagari
3231,  ,hindi,devanagari
3232,  ,hindi,devanagari
3233,   ,hindi,devanagari
3234,   ,hindi,devanagari
3235,  ,hindi,devanagari
3236,   ,hindi,devanagari
3237, ,hindi,devanagari
3238,,hindi,devanagari
3239, ,hindi,devanagari
3240, ,hindi,devanagari
3241, ,hindi,devanagari
3242, ,hindi,devanagari
3243,,hindi,devanagari
3244, !,hindi,devanagari
3245, ,hindi,devanagari
3246, ,hindi,devanagari
3247, ,hindi,devanagari
3248, ,hindi,devanagari
3249,  ,hindi,devanagari
3250,,hindi,devanagari
3251, ,hindi,devanagari
3252, ,hindi,devanagari
3253,,hindi,devanagari
3254, ,hindi,devanagari
3255, ,hindi,devanagari
3256, ,hindi,devanagari
3257, ,hindi,devanagari
3258, ,hindi,devanagari
3259,?,hindi,devanagari
3260,,hindi,devanagari
3261,,hindi,devanagari
3262, ,hindi,devanagari
3263, ,hindi,devanagari
3264, ,hindi,devanagari
3265, !,hindi,devanagari
3266, ,hindi,devanagari
3267, ,hindi,devanagari
3268,,hindi,devanagari
3269, ,hindi,devanagari
3270, ?,hindi,devanagari
3271, ,hindi,devanagari
3272,,hindi,devanagari
3273, ,hindi,devanagari
3274, ,hindi,devanagari
3275, ,hindi,devanagari
3276,,hindi,devanagari
3277,,hindi,devanagari
3278,?,hindi,devanagari
3279, ,hindi,devanagari
3280,,hindi,devanagari
3281,,hindi,devanagari
3282, ,hindi,devanagari
3283, ,hindi,devanagari
3284, ,hindi,devanagari
3285, ,hindi,devanagari
3286, ,hindi,devanagari
3287, !,hindi,devanagari
3288, ,hindi,devanagari
3289, ,hindi,devanagari
3290,,hindi,devanagari
3291, ,hindi,devanagari
3292, ,hindi,devanagari
3293,,hindi,devanagari
3294, !,hindi,devanagari
3295,,hindi,devanagari
3296, ,hindi,devanagari
3297, ,hindi,devanagari
3298, ,hindi,devanagari
3299,,hindi,devanagari
3300, ,hindi,devanagari
3301,,hindi,devanagari
3302, ,hindi,devanagari
3303, ,hindi,devanagari
3304,,hindi,devanagari
3305, ,hindi,devanagari
3306,  ,hindi,devanagari
3307, ,hindi,devanagari
3308, ,hindi,devanagari
3309,  ?,hindi,devanagari
3310, ,hindi,devanagari
3311,  ,hindi,devanagari
3312, ,hindi,devanagari
3313,  ,hindi,devanagari
3314, !,hindi,devanagari
3315, ,hindi,devanagari
3316,,hindi,devanagari
3317, !,hindi,devanagari
3318,  ,hindi,devanagari
3319,  ?,hindi,devanagari
3320,  ,hindi,devanagari
3321,  !,hindi,devanagari
3322,  ,hindi,devanagari
3323,  ,hindi,devanagari
3324, ,hindi,devanagari
3325,  ,hindi,devanagari
3326, !,hindi,devanagari
3327,  ,hindi,devanagari
3328, ,hindi,devanagari
3329,  !,hindi,devanagari
3330,,hindi,devanagari
3331, ,hindi,devanagari
3332,,hindi,devanagari
3333,?,hindi,devanagari
3334, ,hindi,devanagari
3335, ,hindi,devanagari
3336,,hindi,devanagari
3337, ,hindi,devanagari
3338,!,hindi,devanagari
3339, ,hindi,devanagari
3340, ,hindi,devanagari
3341,,hindi,devanagari
3342, ,hindi,devanagari
3343, ,hindi,devanagari
3344,!,hindi,devanagari
3345, ?,hindi,devanagari
3346, ,hindi,devanagari
3347, ,hindi,devanagari
3348,,hindi,devanagari
3349,,hindi,devanagari
3350,,hindi,devanagari
3351,,hindi,devanagari
3352, ,hindi,devanagari
3353, ,hindi,devanagari
3354, ,hindi,devanagari
3355, ,hindi,devanagari
3356, ,hindi,devanagari
3357,,hindi,devanagari
3358, !,hindi,devanagari
3359, ,hindi,devanagari
3360, ,hindi,devanagari
3361,,hindi,devanagari
3362,,hindi,devanagari
3363,,hindi,devanagari
3364, ,hindi,devanagari
3365, ,hindi,devanagari
3366,,hindi,devanagari
3367, ,hindi,devanagari
3368,,hindi,devanagari
3369, ,hindi,devanagari
3370,,hindi,devanagari
3371, ,hindi,devanagari
3372,,hindi,devanagari
3373, ,hindi,devanagari
3374, ,hindi,devanagari
3375, ,hindi,devanagari
3376, ,hindi,devanagari
3377, ,hindi,devanagari
3378,,hindi,devanagari
3379, ,hindi,devanagari
3380,,hindi,devanagari
3381,,hindi,devanagari
3382,,hindi,devanagari
3383, ,hindi,devanagari
3384,,hindi,devanagari
3385,,hindi,devanagari
3386, ,hindi,devanagari
3387, ,hindi,devanagari
3388, !,hindi,devanagari
3389, ,hindi,devanagari
3390, ,hindi,devanagari
3391, ,hindi,devanagari
3392,,hindi,devanagari
3393, ,hindi,devanagari
3394, ,hindi,devanagari
3395, ,hindi,devanagari
3396,,hindi,devanagari
3397, ,hindi,devanagari
3398, ,hindi,devanagari
3399, ,hindi,devanagari
3400,,hindi,devanagari
3401, ,hindi,devanagari
3402,,hindi,devanagari
3403, ,hindi,devanagari
3404, ,hindi,devanagari
3405, ,hindi,devanagari
3406, ,hindi,devanagari
3407, ,hindi,devanagari
3408,!,hindi,devanagari
3409,!,hindi,devanagari
3410,,hindi,devanagari
3411,?,hindi,devanagari
3412, ,hindi,devanagari
3413,,hindi,devanagari
3414,,hindi,devanagari
3415, ,hindi,devanagari
3416,!,hindi,devanagari
3417, ,hindi,devanagari
3418,,hindi,devanagari
3419, ,hindi,devanagari
3420, ,hindi,devanagari
3421,,hindi,devanagari
3422, ,hindi,devanagari
3423,,hindi,devanagari
3424, ,hindi,devanagari
3425, ?,hindi,devanagari
3426,,hindi,devanagari
3427, ,hindi,devanagari
3428,,hindi,devanagari
3429, ,hindi,devanagari
3430,,hindi,devanagari
3431, ,hindi,devanagari
3432, ,hindi,devanagari
3433,,hindi,devanagari
3434, ,hindi,devanagari
3435, ,hindi,devanagari
3436,,hindi,devanagari
3437,,hindi,devanagari
3438, ,hindi,devanagari
3439, ,hindi,devanagari
3440,,hindi,devanagari
3441,,hindi,devanagari
3442,,hindi,devanagari
